ts_code,date,open,high,low,close,pre_close,change,pct_chg,vol,amount
688009.SH,2019-07-22,9.64,12.53,6.34,10.11,4.82,5.289999999999999,109.75,9236244.09,9762393.837
688009.SH,2019-07-23,8.14,9.05,7.92,8.25,10.11,-1.8599999999999994,-18.4,4111585.17,4234132.942
688009.SH,2019-07-24,8.31,8.45,8.16,8.4,8.25,0.15000000000000036,1.82,3112329.79,3139970.856
688009.SH,2019-07-25,8.36,8.98,8.32,8.74,8.4,0.33999999999999986,4.05,3519934.81,3726893.993
688009.SH,2019-07-26,8.56,8.6,8.21,8.25,8.74,-0.4900000000000002,-5.61,2319527.6,2354692.96
688009.SH,2019-07-29,8.32,8.59,8.28,8.47,8.25,0.22000000000000064,2.67,1984193.3,2037957.478
688009.SH,2019-07-30,8.43,8.52,8.32,8.43,8.47,-0.040000000000000924,-0.47,1809155.89,1852742.681
688009.SH,2019-07-31,8.43,8.68,8.4,8.51,8.43,0.08000000000000007,0.95,2039082.74,2113686.162
688009.SH,2019-08-01,8.39,8.77,8.35,8.72,8.51,0.21000000000000085,2.47,2888843.67,3002194.277
688009.SH,2019-08-02,8.53,10.45,8.5,9.99,8.72,1.2699999999999996,14.56,6029303.07,7015715.63
688009.SH,2019-08-05,9.99,10.38,9.59,10.35,9.99,0.35999999999999943,3.6,4054349.93,4990728.831
688009.SH,2019-08-06,10.2,11.35,9.52,9.91,10.35,-0.4399999999999995,-4.25,5528915.84,7108867.991
688009.SH,2019-08-07,10.14,10.28,9.34,9.75,9.91,-0.16000000000000014,-1.61,3350318.91,3971673.723
688009.SH,2019-08-08,9.67,9.78,9.21,9.25,9.75,-0.5,-5.13,2228794.02,2551001.312
688009.SH,2019-08-09,9.34,9.41,8.98,9.03,9.25,-0.22000000000000064,-2.38,1923720.48,2140067.3
688009.SH,2019-08-12,9.06,9.06,8.52,8.69,9.03,-0.33999999999999986,-3.77,1802686.48,1906778.502
688009.SH,2019-08-13,8.66,8.92,8.62,8.86,8.69,0.16999999999999993,1.96,1372804.54,1465853.622
688009.SH,2019-08-14,8.97,9.0,8.77,8.79,8.86,-0.07000000000000028,-0.79,1241962.1,1337242.101
688009.SH,2019-08-15,8.56,8.78,8.51,8.72,8.79,-0.06999999999999851,-0.8,1075844.36,1127869.276
688009.SH,2019-08-16,8.72,8.85,8.7,8.71,8.72,-0.009999999999999787,-0.11,875413.36,930584.898
688009.SH,2019-08-19,8.73,8.76,8.55,8.74,8.71,0.02999999999999936,0.34,1158916.58,1218957.286
688009.SH,2019-08-20,8.75,8.78,8.66,8.68,8.74,-0.0600000000000005,-0.69,795220.76,840097.603
688009.SH,2019-08-21,8.67,8.73,8.29,8.36,8.68,-0.3200000000000003,-3.69,1494925.46,1536467.428
688009.SH,2019-08-22,8.37,8.44,8.22,8.33,8.36,-0.02999999999999936,-0.36,757593.64,766237.033
688009.SH,2019-08-23,8.35,8.38,7.99,8.05,8.33,-0.27999999999999936,-3.36,1307772.7,1298828.283
688009.SH,2019-08-26,7.96,8.22,7.93,8.09,8.05,0.03999999999999915,0.5,756135.02,743411.933
688009.SH,2019-08-27,8.14,8.19,8.05,8.16,8.09,0.07000000000000028,0.87,649524.98,641173.616
688009.SH,2019-08-28,8.16,8.17,8.05,8.08,8.16,-0.08000000000000007,-0.98,554216.88,545647.053
688009.SH,2019-08-29,8.08,8.08,7.89,7.93,8.08,-0.15000000000000036,-1.86,809290.17,780406.65
688009.SH,2019-08-30,7.96,7.98,7.8,7.81,7.93,-0.1200000000000001,-1.51,732684.62,700274.431
688009.SH,2019-09-02,7.84,7.94,7.81,7.89,7.81,0.08000000000000007,1.02,529555.57,506138.699
688009.SH,2019-09-03,7.9,8.46,7.88,8.31,7.89,0.4200000000000008,5.32,1643103.16,1643097.239
688009.SH,2019-09-04,8.26,8.37,8.17,8.2,8.31,-0.11000000000000121,-1.32,814011.29,813026.514
688009.SH,2019-09-05,8.23,8.39,8.17,8.26,8.2,0.0600000000000005,0.73,985913.05,991150.559
688009.SH,2019-09-06,8.24,8.29,8.14,8.17,8.26,-0.08999999999999986,-1.09,630908.91,627988.309
688009.SH,2019-09-09,8.22,8.25,8.17,8.2,8.17,0.02999999999999936,0.37,499333.27,496583.229
688009.SH,2019-09-10,8.22,8.35,8.18,8.23,8.2,0.030000000000001137,0.37,649753.53,651370.453
688009.SH,2019-09-11,8.22,8.24,8.12,8.14,8.23,-0.08999999999999986,-1.09,609731.84,604959.145
688009.SH,2019-09-12,8.16,8.17,7.95,7.97,8.14,-0.17000000000000082,-2.09,735024.47,714039.187
688009.SH,2019-09-16,7.98,8.06,7.96,7.98,7.97,0.010000000000000675,0.13,341545.5,331375.258
688009.SH,2019-09-17,7.98,8.0,7.75,7.76,7.98,-0.22000000000000064,-2.76,576840.77,549522.54
688009.SH,2019-09-18,7.8,7.82,7.59,7.62,7.76,-0.13999999999999968,-1.8,552031.32,513285.058
688009.SH,2019-09-19,7.63,7.86,7.52,7.73,7.62,0.11000000000000032,1.44,571797.9,536846.312
688009.SH,2019-09-20,7.82,7.89,7.75,7.79,7.73,0.05999999999999961,0.78,470332.95,445978.311
688009.SH,2019-09-23,7.76,7.8,7.6,7.64,7.79,-0.15000000000000036,-1.93,363010.03,337919.723
688009.SH,2019-09-24,7.63,7.84,7.62,7.76,7.64,0.1200000000000001,1.57,488910.05,460315.015
688009.SH,2019-09-25,7.75,7.8,7.6,7.61,7.76,-0.14999999999999947,-1.93,358779.91,333202.484
688009.SH,2019-09-26,7.61,7.64,7.21,7.21,7.61,-0.40000000000000036,-5.26,734662.74,654555.456
688009.SH,2019-09-27,7.18,7.33,7.18,7.26,7.21,0.04999999999999982,0.69,310720.45,273904.721
688009.SH,2019-09-30,7.26,7.26,6.97,6.97,7.26,-0.29000000000000004,-3.99,419017.25,358925.227
688009.SH,2019-10-08,6.99,7.01,6.84,6.84,6.97,-0.1299999999999999,-1.87,303870.58,254254.26
688009.SH,2019-10-09,6.82,6.92,6.78,6.88,6.84,0.040000000000000036,0.58,226912.8,188837.162
688009.SH,2019-10-10,6.91,6.96,6.86,6.95,6.88,0.07000000000000028,1.02,260842.75,219362.507
688009.SH,2019-10-11,6.97,6.97,6.88,6.9,6.95,-0.04999999999999982,-0.72,224268.32,188095.601
688009.SH,2019-10-14,6.94,7.04,6.91,6.99,6.9,0.08999999999999986,1.3,322894.3,273377.282
688009.SH,2019-10-15,6.98,6.98,6.87,6.88,6.99,-0.11000000000000032,-1.57,209841.7,176192.642
688009.SH,2019-10-16,6.9,6.93,6.74,6.75,6.88,-0.1299999999999999,-1.89,344264.69,284839.823
688009.SH,2019-10-17,6.75,6.79,6.67,6.67,6.75,-0.08000000000000007,-1.19,319818.97,260942.544
688009.SH,2019-10-18,6.67,6.87,6.64,6.7,6.67,0.03000000000000025,0.45,460211.42,377934.782
688009.SH,2019-10-21,6.7,6.71,6.44,6.51,6.7,-0.1900000000000004,-2.84,411772.0,325470.537
688009.SH,2019-10-22,6.53,6.55,6.46,6.52,6.51,0.009999999999999787,0.15,205947.42,162422.501
688009.SH,2019-10-23,6.51,6.84,6.47,6.77,6.52,0.25,3.83,654578.28,531116.755
688009.SH,2019-10-24,6.7,6.79,6.66,6.67,6.77,-0.09999999999999964,-1.48,351551.94,286599.089
688009.SH,2019-10-25,6.64,6.68,6.55,6.59,6.67,-0.08000000000000007,-1.2,249289.28,199471.163
688009.SH,2019-10-28,6.6,6.72,6.58,6.67,6.59,0.08000000000000007,1.21,303660.77,245045.659
688009.SH,2019-10-29,6.72,6.72,6.52,6.53,6.67,-0.13999999999999968,-2.1,312494.01,250745.294
688009.SH,2019-10-30,6.53,6.57,6.43,6.44,6.53,-0.08999999999999986,-1.38,260320.31,204546.908
688009.SH,2019-10-31,6.44,6.45,6.26,6.27,6.44,-0.17000000000000082,-2.64,368780.7,283273.363
688009.SH,2019-11-01,6.29,6.34,6.25,6.3,6.27,0.03000000000000025,0.48,189465.1,144784.547
688009.SH,2019-11-04,6.34,6.41,6.32,6.33,6.3,0.03000000000000025,0.48,210513.09,162842.086
688009.SH,2019-11-05,6.35,6.35,6.2,6.25,6.33,-0.08000000000000007,-1.26,273912.26,207788.125
688009.SH,2019-11-06,6.24,6.31,6.2,6.22,6.25,-0.03000000000000025,-0.48,208435.63,157970.856
688009.SH,2019-11-07,6.23,6.26,6.18,6.23,6.22,0.010000000000000675,0.16,251772.36,190068.009
688009.SH,2019-11-08,6.25,6.26,6.19,6.19,6.23,-0.040000000000000036,-0.64,220808.13,166923.225
688009.SH,2019-11-11,6.17,6.17,5.85,5.87,6.19,-0.3200000000000003,-5.17,418239.12,301737.937
688009.SH,2019-11-12,5.88,5.9,5.71,5.76,5.87,-0.11000000000000032,-1.87,270518.71,190032.7
688009.SH,2019-11-13,5.76,5.82,5.7,5.76,5.76,0.0,0.0,259668.27,181306.348
688009.SH,2019-11-14,5.75,5.77,5.62,5.74,5.76,-0.019999999999999574,-0.35,325841.24,225757.745
688009.SH,2019-11-15,5.7,5.72,5.52,5.52,5.74,-0.22000000000000064,-3.83,384237.08,261782.362
688009.SH,2019-11-18,5.53,5.53,5.41,5.42,5.52,-0.09999999999999964,-1.81,305858.24,202397.054
688009.SH,2019-11-19,5.41,5.48,5.4,5.48,5.42,0.0600000000000005,1.11,228282.58,151273.326
688009.SH,2019-11-20,5.49,5.49,5.4,5.41,5.48,-0.07000000000000028,-1.28,233319.51,153623.898
688009.SH,2019-11-21,5.41,5.41,5.27,5.29,5.41,-0.1200000000000001,-2.22,305676.84,197400.625
688009.SH,2019-11-22,5.3,5.39,5.28,5.31,5.29,0.019999999999999574,0.38,280886.59,181773.156
688009.SH,2019-11-25,5.33,5.33,5.26,5.31,5.31,0.0,0.0,170909.0,109865.266
688009.SH,2019-11-26,5.32,5.38,5.3,5.31,5.31,0.0,0.0,229226.2,148481.262
688009.SH,2019-11-27,5.31,5.33,5.26,5.29,5.31,-0.019999999999999574,-0.38,150472.06,96704.003
688009.SH,2019-11-28,5.3,5.36,5.27,5.3,5.29,0.009999999999999787,0.19,213631.78,137888.914
688009.SH,2019-11-29,5.31,5.34,5.27,5.32,5.3,0.020000000000000462,0.38,155087.89,99769.524
688009.SH,2019-12-02,5.32,5.34,5.27,5.27,5.32,-0.05000000000000071,-0.94,179802.55,115604.526
688009.SH,2019-12-03,5.25,5.26,5.15,5.17,5.27,-0.09999999999999964,-1.9,251381.98,158234.219
688009.SH,2019-12-04,5.16,5.21,5.14,5.17,5.17,0.0,0.0,160829.26,101045.022
688009.SH,2019-12-05,5.17,5.19,5.15,5.18,5.17,0.009999999999999787,0.19,198916.41,124909.167
688009.SH,2019-12-06,5.18,5.25,5.17,5.22,5.18,0.040000000000000036,0.77,204455.94,129485.065
688009.SH,2019-12-09,5.25,5.59,5.22,5.51,5.22,0.29000000000000004,5.56,704530.87,461784.093
688009.SH,2019-12-10,5.44,6.01,5.44,5.81,5.51,0.2999999999999998,5.44,1275579.95,894617.113
688009.SH,2019-12-11,5.78,5.92,5.65,5.65,5.81,-0.15999999999999925,-2.75,576964.92,402513.959
688009.SH,2019-12-12,5.66,5.74,5.62,5.64,5.65,-0.010000000000000675,-0.18,325952.24,224906.778
688009.SH,2019-12-13,5.7,5.73,5.56,5.64,5.64,0.0,0.0,338496.88,230788.286
688009.SH,2019-12-16,5.65,5.72,5.65,5.69,5.64,0.05000000000000071,0.89,273726.26,188641.485
688009.SH,2019-12-17,5.7,5.83,5.67,5.81,5.69,0.11999999999999922,2.11,507506.23,356452.846
688009.SH,2019-12-18,5.81,6.13,5.81,5.95,5.81,0.14000000000000057,2.41,719791.94,523506.156
688009.SH,2019-12-19,5.97,5.97,5.83,5.88,5.95,-0.07000000000000028,-1.18,354923.53,253174.809
688009.SH,2019-12-20,5.89,5.93,5.8,5.8,5.88,-0.08000000000000007,-1.36,232633.03,165487.004
688009.SH,2019-12-23,5.8,5.8,5.59,5.59,5.8,-0.20999999999999996,-3.62,349075.88,240560.718
688009.SH,2019-12-24,5.59,5.69,5.59,5.68,5.59,0.08999999999999986,1.61,186537.05,128031.021
688009.SH,2019-12-25,5.68,5.8,5.65,5.73,5.68,0.05000000000000071,0.88,255837.31,178116.464
688009.SH,2019-12-26,5.73,5.77,5.69,5.74,5.73,0.009999999999999787,0.17,168870.46,117254.924
688009.SH,2019-12-27,5.75,5.8,5.69,5.69,5.74,-0.04999999999999982,-0.87,258789.33,180507.252
688009.SH,2019-12-30,5.66,5.67,5.57,5.65,5.69,-0.040000000000000036,-0.7,241948.77,165316.535
688009.SH,2019-12-31,5.67,5.72,5.65,5.7,5.65,0.04999999999999982,0.88,182168.64,125710.174
688009.SH,2020-01-02,5.75,5.83,5.74,5.81,5.7,0.10999999999999943,1.93,402758.05,282922.479
688009.SH,2020-01-03,5.83,5.83,5.78,5.8,5.81,-0.009999999999999787,-0.17,263510.14,185679.95
688009.SH,2020-01-06,5.78,5.83,5.73,5.78,5.8,-0.019999999999999574,-0.34,316505.44,222183.085
688009.SH,2020-01-07,5.77,5.88,5.77,5.88,5.78,0.09999999999999964,1.73,386693.71,273170.907
688009.SH,2020-01-08,5.85,5.93,5.81,5.84,5.88,-0.040000000000000036,-0.68,487018.12,346447.736
688009.SH,2020-01-09,5.89,5.98,5.87,5.97,5.84,0.1299999999999999,2.23,538137.86,388005.226
688009.SH,2020-01-10,6.0,6.02,5.89,5.92,5.97,-0.04999999999999982,-0.84,321462.45,231649.378
688009.SH,2020-01-13,5.92,5.92,5.83,5.91,5.92,-0.009999999999999787,-0.17,262894.24,187138.197
688009.SH,2020-01-14,5.92,6.0,5.88,5.96,5.91,0.04999999999999982,0.85,436528.04,315291.814
688009.SH,2020-01-15,5.92,5.97,5.85,5.86,5.96,-0.09999999999999964,-1.68,276598.19,197485.29
688009.SH,2020-01-16,5.87,5.92,5.82,5.88,5.86,0.019999999999999574,0.34,330964.86,235762.574
688009.SH,2020-01-17,5.88,6.26,5.88,6.2,5.88,0.3200000000000003,5.44,1388452.02,1031425.081
688009.SH,2020-01-20,6.13,6.38,5.99,6.26,6.2,0.05999999999999961,0.97,962059.33,718798.116
688009.SH,2020-01-21,6.18,6.33,6.05,6.05,6.26,-0.20999999999999996,-3.35,662331.7,494021.231
688009.SH,2020-01-22,5.93,5.93,5.67,5.85,6.05,-0.20000000000000018,-3.31,1094371.83,769192.272
688009.SH,2020-01-23,5.78,5.83,5.52,5.57,5.85,-0.27999999999999936,-4.79,660546.26,454892.117
688009.SH,2020-02-03,4.66,4.89,4.46,4.47,5.57,-1.1000000000000005,-19.75,1349096.68,746283.369
688009.SH,2020-02-04,4.54,4.85,4.54,4.8,4.47,0.33000000000000007,7.38,904270.43,519734.008
688009.SH,2020-02-05,4.85,5.21,4.82,5.03,4.8,0.23000000000000043,4.79,908064.01,554083.672
688009.SH,2020-02-06,5.04,5.23,4.94,5.13,5.03,0.09999999999999964,1.99,818913.58,508772.442
688009.SH,2020-02-07,5.1,5.17,5.0,5.13,5.13,0.0,0.0,721566.39,444955.088
688009.SH,2020-02-10,5.13,5.76,5.08,5.76,5.13,0.6299999999999999,12.28,1494944.06,992474.349
688009.SH,2020-02-11,5.77,5.77,5.45,5.5,5.76,-0.2599999999999998,-4.51,973393.01,656976.431
688009.SH,2020-02-12,5.45,5.73,5.44,5.64,5.5,0.13999999999999968,2.55,720892.05,490268.758
688009.SH,2020-02-13,5.68,5.91,5.63,5.69,5.64,0.05000000000000071,0.89,1100370.3,773699.991
688009.SH,2020-02-14,5.64,5.69,5.48,5.59,5.69,-0.10000000000000053,-1.76,740190.25,503335.149
688009.SH,2020-02-17,5.6,5.81,5.59,5.78,5.59,0.1900000000000004,3.4,724552.05,503305.741
688009.SH,2020-02-18,5.77,5.88,5.74,5.84,5.78,0.05999999999999961,1.04,700340.5,493225.74
688009.SH,2020-02-19,5.84,5.87,5.71,5.77,5.84,-0.07000000000000028,-1.2,714731.04,501904.951
688009.SH,2020-02-20,5.75,5.81,5.67,5.78,5.77,0.010000000000000675,0.17,626508.63,436426.68
688009.SH,2020-02-21,5.78,5.79,5.73,5.74,5.78,-0.040000000000000036,-0.69,535303.56,373804.705
688009.SH,2020-02-24,5.7,5.72,5.57,5.61,5.74,-0.1299999999999999,-2.26,640625.89,437264.933
688009.SH,2020-02-25,5.46,5.58,5.36,5.5,5.61,-0.11000000000000032,-1.96,658074.84,436865.591
688009.SH,2020-02-26,5.44,5.81,5.41,5.62,5.5,0.1200000000000001,2.18,1076154.16,737878.655
688009.SH,2020-02-27,5.59,5.71,5.52,5.53,5.62,-0.08999999999999986,-1.6,524534.59,356681.516
688009.SH,2020-02-28,5.41,5.47,5.14,5.15,5.53,-0.3799999999999999,-6.87,734430.96,472075.227
688009.SH,2020-03-02,5.18,5.78,5.18,5.72,5.15,0.5699999999999994,11.07,1297853.72,881140.754
688009.SH,2020-03-03,5.83,5.87,5.69,5.74,5.72,0.020000000000000462,0.35,1080743.69,755257.562
688009.SH,2020-03-04,5.69,5.78,5.64,5.74,5.74,0.0,0.0,576358.68,399582.079
688009.SH,2020-03-05,5.83,6.05,5.79,5.95,5.74,0.20999999999999996,3.66,1225396.33,884457.365
688009.SH,2020-03-06,5.85,5.9,5.78,5.8,5.95,-0.15000000000000036,-2.52,682183.18,482724.232
688009.SH,2020-03-09,5.69,5.97,5.67,5.76,5.8,-0.040000000000000036,-0.69,895177.25,632957.962
688009.SH,2020-03-10,5.66,5.88,5.56,5.86,5.76,0.10000000000000053,1.74,864397.93,602407.855
688009.SH,2020-03-11,5.86,6.16,5.83,5.91,5.86,0.04999999999999982,0.85,1491121.94,1089560.041
688009.SH,2020-03-12,5.78,5.91,5.7,5.75,5.91,-0.16000000000000014,-2.71,743474.76,523050.151
688009.SH,2020-03-13,5.51,5.74,5.45,5.64,5.75,-0.11000000000000032,-1.91,629862.97,428265.795
688009.SH,2020-03-16,5.74,5.8,5.45,5.45,5.64,-0.1899999999999995,-3.37,555537.73,379823.918
688009.SH,2020-03-17,5.53,5.59,5.19,5.47,5.45,0.019999999999999574,0.37,515810.1,337908.885
688009.SH,2020-03-18,5.53,5.64,5.32,5.34,5.47,-0.1299999999999999,-2.38,513389.99,343740.432
688009.SH,2020-03-19,5.34,5.39,5.16,5.28,5.34,-0.05999999999999961,-1.12,501009.43,320454.036
688009.SH,2020-03-20,5.37,5.41,5.24,5.33,5.28,0.04999999999999982,0.95,342411.39,221205.066
688009.SH,2020-03-23,5.2,5.23,5.03,5.03,5.33,-0.2999999999999998,-5.63,463375.78,288236.109
688009.SH,2020-03-24,5.13,5.17,5.01,5.13,5.03,0.09999999999999964,1.99,312232.94,193300.495
688009.SH,2020-03-25,5.27,5.35,5.23,5.32,5.13,0.1900000000000004,3.7,468195.12,301319.567
688009.SH,2020-03-26,5.3,5.3,5.21,5.23,5.32,-0.08999999999999986,-1.69,252490.53,160972.759
688009.SH,2020-03-27,5.29,5.44,5.27,5.32,5.23,0.08999999999999986,1.72,588079.24,383036.403
688009.SH,2020-03-30,5.27,5.31,5.17,5.18,5.32,-0.14000000000000057,-2.63,314167.2,199150.469
688009.SH,2020-03-31,5.26,5.27,5.17,5.18,5.18,0.0,0.0,221523.8,140134.957
688009.SH,2020-04-01,5.17,5.25,5.14,5.17,5.18,-0.009999999999999787,-0.19,198579.3,125186.571
688009.SH,2020-04-02,5.16,5.27,5.13,5.27,5.17,0.09999999999999964,1.93,238601.53,150477.718
688009.SH,2020-04-03,5.24,5.27,5.15,5.18,5.27,-0.08999999999999986,-1.71,205273.22,129617.539
688009.SH,2020-04-07,5.27,5.31,5.25,5.3,5.18,0.1200000000000001,2.32,296024.93,189763.57
688009.SH,2020-04-08,5.27,5.3,5.26,5.27,5.3,-0.03000000000000025,-0.57,173278.11,110952.733
688009.SH,2020-04-09,5.31,5.31,5.26,5.26,5.27,-0.009999999999999787,-0.19,184485.64,118138.518
688009.SH,2020-04-10,5.27,5.3,5.17,5.2,5.26,-0.05999999999999961,-1.14,242414.1,153717.917
688009.SH,2020-04-13,5.22,5.22,5.12,5.13,5.2,-0.07000000000000028,-1.35,132079.22,82476.998
688009.SH,2020-04-14,5.14,5.2,5.14,5.19,5.13,0.0600000000000005,1.17,125851.56,79032.691
688009.SH,2020-04-15,5.2,5.22,5.15,5.17,5.19,-0.020000000000000462,-0.39,142953.68,89992.948
688009.SH,2020-04-16,5.17,5.2,5.13,5.17,5.17,0.0,0.0,118875.04,74550.518
688009.SH,2020-04-17,5.19,5.34,5.17,5.27,5.17,0.09999999999999964,1.93,453528.62,289670.331
688009.SH,2020-04-20,5.27,5.34,5.25,5.28,5.27,0.010000000000000675,0.19,218209.38,139925.205
688009.SH,2020-04-21,5.26,5.27,5.16,5.18,5.28,-0.10000000000000053,-1.89,231185.34,145787.932
688009.SH,2020-04-22,5.17,5.21,5.15,5.19,5.18,0.010000000000000675,0.19,169784.8,106729.893
688009.SH,2020-04-23,5.19,5.21,5.15,5.16,5.19,-0.03000000000000025,-0.58,225458.72,141465.843
688009.SH,2020-04-24,5.15,5.16,5.05,5.08,5.16,-0.08000000000000007,-1.55,289006.03,178470.217
688009.SH,2020-04-27,5.06,5.1,5.05,5.06,5.08,-0.020000000000000462,-0.39,131722.78,81129.114
688009.SH,2020-04-28,5.07,5.08,4.71,4.93,5.06,-0.1299999999999999,-2.57,308599.66,183675.103
688009.SH,2020-04-29,4.93,5.0,4.9,4.94,4.93,0.010000000000000675,0.2,136071.04,81764.654
688009.SH,2020-04-30,4.97,5.11,4.96,5.08,4.94,0.13999999999999968,2.83,265224.33,162582.137
688009.SH,2020-05-06,5.03,5.31,5.01,5.3,5.08,0.21999999999999975,4.33,551470.43,348747.744
688009.SH,2020-05-07,5.27,5.31,5.17,5.18,5.3,-0.1200000000000001,-2.26,339211.15,214818.069
688009.SH,2020-05-08,5.2,5.27,5.19,5.22,5.18,0.040000000000000036,0.77,276801.7,175406.163
688009.SH,2020-05-11,5.22,5.24,5.17,5.18,5.22,-0.040000000000000036,-0.77,195062.57,123130.673
688009.SH,2020-05-12,5.19,5.2,5.11,5.15,5.18,-0.02999999999999936,-0.58,171043.73,106647.036
688009.SH,2020-05-13,5.12,5.17,5.11,5.13,5.15,-0.020000000000000462,-0.39,124691.89,77686.104
688009.SH,2020-05-14,5.11,5.19,5.08,5.09,5.13,-0.040000000000000036,-0.78,173406.51,107959.84
688009.SH,2020-05-15,5.15,5.16,5.1,5.12,5.09,0.03000000000000025,0.59,130478.27,81176.456
688009.SH,2020-05-18,5.13,5.15,5.08,5.08,5.12,-0.040000000000000036,-0.78,159221.56,98788.086
688009.SH,2020-05-19,5.11,5.15,5.11,5.13,5.08,0.04999999999999982,0.98,144407.08,89833.208
688009.SH,2020-05-20,5.15,5.26,5.1,5.18,5.13,0.04999999999999982,0.97,328905.84,207340.423
688009.SH,2020-05-21,5.19,5.19,5.09,5.1,5.18,-0.08000000000000007,-1.54,220308.94,137296.325
688009.SH,2020-05-22,5.09,5.13,4.97,4.99,5.1,-0.10999999999999943,-2.16,237622.27,144843.208
688009.SH,2020-05-25,4.97,5.01,4.94,4.96,4.99,-0.03000000000000025,-0.6,139036.38,83744.619
688009.SH,2020-05-26,4.95,5.08,4.95,5.06,4.96,0.09999999999999964,2.02,217916.1,133114.737
688009.SH,2020-05-27,5.07,5.08,4.97,4.98,5.06,-0.07999999999999918,-1.58,186517.41,113343.404
688009.SH,2020-05-28,4.99,5.02,4.94,4.98,4.98,0.0,0.0,153426.41,92652.755
688009.SH,2020-05-29,4.99,5.01,4.97,4.99,4.98,0.009999999999999787,0.2,129101.49,78089.917
688009.SH,2020-06-01,5.02,5.15,5.01,5.12,4.99,0.1299999999999999,2.61,323996.61,200237.853
688009.SH,2020-06-02,5.12,5.16,5.08,5.12,5.12,0.0,0.0,245772.48,152531.405
688009.SH,2020-06-03,5.13,5.17,5.1,5.11,5.12,-0.009999999999999787,-0.2,199994.68,124568.033
688009.SH,2020-06-04,5.11,5.17,5.09,5.14,5.11,0.02999999999999936,0.59,253737.77,157999.086
688009.SH,2020-06-05,5.13,5.14,5.09,5.13,5.14,-0.009999999999999787,-0.19,163335.8,101433.532
688009.SH,2020-06-08,5.13,5.17,5.1,5.13,5.13,0.0,0.0,161569.46,100529.485
688009.SH,2020-06-09,5.12,5.13,5.09,5.1,5.13,-0.03000000000000025,-0.58,135463.63,83854.522
688009.SH,2020-06-10,5.09,5.1,5.04,5.05,5.1,-0.04999999999999982,-0.98,148497.84,91287.468
688009.SH,2020-06-11,5.04,5.12,5.03,5.08,5.05,0.03000000000000025,0.59,177486.63,109523.574
688009.SH,2020-06-12,4.99,5.07,4.99,5.03,5.08,-0.04999999999999982,-0.98,144905.85,88442.476
688009.SH,2020-06-15,5.03,5.07,4.99,4.99,5.03,-0.040000000000000036,-0.8,153011.86,93231.071
688009.SH,2020-06-16,5.02,5.05,5.01,5.03,4.99,0.040000000000000036,0.8,136735.65,83474.737
688009.SH,2020-06-17,5.05,5.05,5.0,5.02,5.03,-0.010000000000000675,-0.2,146332.11,89163.129
688009.SH,2020-06-18,5.02,5.05,5.0,5.03,5.02,0.010000000000000675,0.2,155082.96,94762.054
688009.SH,2020-06-19,5.03,5.05,5.03,5.04,5.03,0.009999999999999787,0.2,166980.68,102153.536
688009.SH,2020-06-22,5.13,5.29,5.13,5.18,5.04,0.13999999999999968,2.78,619908.56,392891.946
688009.SH,2020-06-23,5.19,5.23,5.15,5.17,5.18,-0.009999999999999787,-0.19,236184.78,148537.609
688009.SH,2020-06-24,5.17,5.33,5.17,5.29,5.17,0.1200000000000001,2.32,600856.32,383903.442
688009.SH,2020-06-29,5.27,5.4,5.22,5.23,5.29,-0.05999999999999961,-1.13,510413.34,328414.015
688009.SH,2020-06-30,5.27,5.31,5.23,5.28,5.23,0.04999999999999982,0.96,296516.24,189389.104
688009.SH,2020-07-01,5.28,5.29,5.22,5.28,5.28,0.0,0.0,281815.7,179837.918
688009.SH,2020-07-02,5.27,5.4,5.26,5.38,5.28,0.09999999999999964,1.89,440383.29,285490.999
688009.SH,2020-07-03,5.43,5.48,5.38,5.41,5.38,0.03000000000000025,0.56,509966.6,325111.737
688009.SH,2020-07-06,5.45,6.18,5.45,6.1,5.41,0.6899999999999995,12.75,1552442.28,1078952.919
688009.SH,2020-07-07,6.18,6.26,6.03,6.08,6.1,-0.019999999999999574,-0.33,1282404.57,926070.854
688009.SH,2020-07-08,6.04,6.14,5.96,6.09,6.08,0.009999999999999787,0.16,751224.48,535755.699
688009.SH,2020-07-09,6.06,6.55,6.02,6.35,6.09,0.2599999999999998,4.27,1268794.69,935582.061
688009.SH,2020-07-10,6.31,6.36,6.1,6.13,6.35,-0.21999999999999975,-3.46,770440.29,564353.408
688009.SH,2020-07-13,6.15,6.43,6.06,6.31,6.13,0.17999999999999972,2.94,888777.43,653829.9
688009.SH,2020-07-14,6.38,6.62,6.28,6.38,6.31,0.07000000000000028,1.11,1150014.88,870588.531
688009.SH,2020-07-15,6.35,6.45,6.04,6.05,6.38,-0.33000000000000007,-5.17,868801.84,631468.7
688009.SH,2020-07-16,6.06,6.09,5.66,5.7,6.05,-0.34999999999999964,-5.79,800922.05,551797.268
688009.SH,2020-07-17,5.7,5.78,5.58,5.64,5.7,-0.0600000000000005,-1.05,382266.42,254716.608
688009.SH,2020-07-20,5.69,5.83,5.61,5.79,5.64,0.15000000000000036,2.66,491266.0,331421.622
688009.SH,2020-07-21,5.81,6.0,5.76,5.78,5.79,-0.009999999999999787,-0.17,574844.19,397404.447
688009.SH,2020-07-22,5.47,5.72,5.45,5.66,5.78,-0.1200000000000001,-2.08,1098545.44,723832.925
688009.SH,2020-07-23,5.61,5.66,5.51,5.58,5.66,-0.08000000000000007,-1.41,500610.78,328381.429
688009.SH,2020-07-24,5.49,5.55,5.11,5.19,5.58,-0.3899999999999997,-6.99,1195717.39,753038.527
688009.SH,2020-07-27,5.22,5.25,5.17,5.22,5.19,0.02999999999999936,0.58,289226.67,177203.002
688009.SH,2020-07-28,5.24,5.31,5.24,5.28,5.22,0.0600000000000005,1.15,260389.14,161570.722
688009.SH,2020-07-29,5.26,5.39,5.23,5.38,5.28,0.09999999999999964,1.89,368069.73,231134.395
688009.SH,2020-07-30,5.36,5.42,5.32,5.32,5.38,-0.05999999999999961,-1.12,305727.26,192624.573
688009.SH,2020-07-31,5.34,5.42,5.3,5.36,5.32,0.040000000000000036,0.75,334214.1,210669.69
688009.SH,2020-08-03,5.38,5.57,5.36,5.53,5.36,0.16999999999999993,3.17,582413.41,375840.497
688009.SH,2020-08-04,5.54,5.56,5.44,5.46,5.53,-0.07000000000000028,-1.27,386089.95,248696.086
688009.SH,2020-08-05,5.51,5.51,5.44,5.47,5.46,0.009999999999999787,0.18,279690.78,180019.68
688009.SH,2020-08-06,5.46,5.47,5.36,5.42,5.47,-0.04999999999999982,-0.91,330669.12,210525.399
688009.SH,2020-08-07,5.41,5.41,5.25,5.3,5.42,-0.1200000000000001,-2.21,430537.72,269149.065
688009.SH,2020-08-10,5.3,5.44,5.29,5.38,5.3,0.08000000000000007,1.51,441787.92,279305.275
688009.SH,2020-08-11,5.38,5.39,5.25,5.26,5.38,-0.1200000000000001,-2.23,428614.11,268369.508
688009.SH,2020-08-12,5.25,5.28,5.19,5.23,5.26,-0.02999999999999936,-0.57,404784.91,248601.585
688009.SH,2020-08-13,5.26,5.31,5.25,5.26,5.23,0.02999999999999936,0.57,287133.39,178213.898
688009.SH,2020-08-14,5.3,5.3,5.24,5.29,5.26,0.03000000000000025,0.57,260848.65,161778.831
688009.SH,2020-08-17,5.3,5.37,5.27,5.35,5.29,0.05999999999999961,1.13,443878.93,278519.469
688009.SH,2020-08-18,5.36,5.37,5.33,5.34,5.35,-0.009999999999999787,-0.19,309110.09,194484.549
688009.SH,2020-08-19,5.32,5.42,5.31,5.31,5.34,-0.03000000000000025,-0.56,428641.04,270398.608
688009.SH,2020-08-20,5.28,5.3,5.24,5.24,5.31,-0.0699999999999994,-1.32,295616.48,183014.263
688009.SH,2020-08-21,5.27,5.3,5.25,5.3,5.24,0.05999999999999961,1.15,285669.16,177658.283
688009.SH,2020-08-24,5.3,5.31,5.25,5.27,5.3,-0.03000000000000025,-0.57,209617.21,130071.249
688009.SH,2020-08-25,5.27,5.3,5.24,5.26,5.27,-0.009999999999999787,-0.19,219540.98,135916.742
688009.SH,2020-08-26,5.26,5.27,5.18,5.2,5.26,-0.05999999999999961,-1.14,306167.31,187846.254
688009.SH,2020-08-27,5.19,5.3,5.17,5.26,5.2,0.05999999999999961,1.15,275039.87,169247.525
688009.SH,2020-08-28,5.24,5.28,5.22,5.27,5.26,0.009999999999999787,0.19,194841.75,120360.855
688009.SH,2020-08-31,5.26,5.32,5.24,5.24,5.27,-0.02999999999999936,-0.57,304979.37,189501.358
688009.SH,2020-09-01,5.24,5.25,5.22,5.24,5.24,0.0,0.0,161869.18,99702.843
688009.SH,2020-09-02,5.24,5.25,5.19,5.22,5.24,-0.020000000000000462,-0.38,203714.79,125119.725
688009.SH,2020-09-03,5.21,5.24,5.19,5.2,5.22,-0.019999999999999574,-0.38,209473.26,128376.81
688009.SH,2020-09-04,5.17,5.19,5.13,5.17,5.2,-0.03000000000000025,-0.58,218061.13,132495.811
688009.SH,2020-09-07,5.17,5.19,5.13,5.13,5.17,-0.040000000000000036,-0.77,266361.16,161534.768
688009.SH,2020-09-08,5.13,5.24,5.12,5.22,5.13,0.08999999999999986,1.75,289490.88,176951.363
688009.SH,2020-09-09,5.18,5.48,5.16,5.37,5.22,0.15000000000000036,2.87,1083076.93,685787.126
688009.SH,2020-09-10,5.4,5.42,5.17,5.19,5.37,-0.17999999999999972,-3.35,474856.59,295162.898
688009.SH,2020-09-11,5.18,5.24,5.17,5.19,5.19,0.0,0.0,225881.58,138101.061
688009.SH,2020-09-14,5.3,5.38,5.28,5.35,5.19,0.15999999999999925,3.08,398499.93,250049.533
688009.SH,2020-09-15,5.36,5.39,5.3,5.37,5.35,0.020000000000000462,0.37,309715.52,195111.416
688009.SH,2020-09-16,5.37,5.37,5.29,5.33,5.37,-0.040000000000000036,-0.74,203752.78,127587.051
688009.SH,2020-09-17,5.32,5.53,5.27,5.46,5.33,0.1299999999999999,2.44,861451.48,551263.051
688009.SH,2020-09-18,5.46,5.51,5.4,5.47,5.46,0.009999999999999787,0.18,563770.62,361239.23
688009.SH,2020-09-21,5.51,5.53,5.43,5.47,5.47,0.0,0.0,341178.71,219373.519
688009.SH,2020-09-22,5.43,5.45,5.36,5.38,5.47,-0.08999999999999986,-1.65,354979.15,225374.91
688009.SH,2020-09-23,5.41,5.6,5.41,5.51,5.38,0.1299999999999999,2.42,825266.81,537535.789
688009.SH,2020-09-24,5.47,5.56,5.44,5.47,5.51,-0.040000000000000036,-0.73,515764.49,333239.706
688009.SH,2020-09-25,5.47,5.48,5.32,5.35,5.47,-0.1200000000000001,-2.19,371665.57,235293.589
688009.SH,2020-09-28,5.37,5.38,5.28,5.31,5.35,-0.040000000000000036,-0.75,227560.52,142573.513
688009.SH,2020-09-29,5.31,5.41,5.31,5.37,5.31,0.0600000000000005,1.13,260953.45,165069.438
688009.SH,2020-09-30,5.39,5.4,5.32,5.34,5.37,-0.03000000000000025,-0.56,217172.83,136849.521
688009.SH,2020-10-09,5.4,5.47,5.36,5.42,5.34,0.08000000000000007,1.5,338517.56,216381.653
688009.SH,2020-10-12,5.44,5.5,5.41,5.48,5.42,0.0600000000000005,1.11,463862.2,298195.242
688009.SH,2020-10-13,5.47,5.47,5.41,5.43,5.48,-0.05000000000000071,-0.91,318028.65,203220.595
688009.SH,2020-10-14,5.42,5.43,5.32,5.33,5.43,-0.09999999999999964,-1.84,317366.63,200234.417
688009.SH,2020-10-15,5.34,5.36,5.3,5.31,5.33,-0.020000000000000462,-0.38,201742.14,126395.735
688009.SH,2020-10-16,5.3,5.35,5.28,5.31,5.31,0.0,0.0,180304.01,112439.81
688009.SH,2020-10-19,5.31,5.36,5.29,5.29,5.31,-0.019999999999999574,-0.38,195544.43,122260.231
688009.SH,2020-10-20,5.31,5.34,5.28,5.32,5.29,0.03000000000000025,0.57,161619.11,100888.738
688009.SH,2020-10-21,5.31,5.32,5.24,5.25,5.32,-0.07000000000000028,-1.32,227324.59,140747.257
688009.SH,2020-10-22,5.25,5.25,5.21,5.22,5.25,-0.03000000000000025,-0.57,168640.55,103738.768
688009.SH,2020-10-23,5.23,5.27,5.19,5.2,5.22,-0.019999999999999574,-0.38,182250.64,112010.348
688009.SH,2020-10-26,5.22,5.25,5.19,5.23,5.2,0.03000000000000025,0.58,139270.8,85583.689
688009.SH,2020-10-27,5.21,5.24,5.19,5.24,5.23,0.009999999999999787,0.19,115682.86,71169.164
688009.SH,2020-10-28,5.23,5.25,5.19,5.24,5.24,0.0,0.0,135326.16,83148.783
688009.SH,2020-10-29,5.2,5.22,5.16,5.2,5.24,-0.040000000000000036,-0.76,164039.56,100220.085
688009.SH,2020-10-30,5.2,5.23,5.12,5.12,5.2,-0.08000000000000007,-1.54,301453.31,183512.999
688009.SH,2020-11-02,5.13,5.14,5.03,5.05,5.12,-0.07000000000000028,-1.37,282194.21,168495.506
688009.SH,2020-11-03,5.04,5.15,5.03,5.15,5.05,0.10000000000000053,1.98,183304.41,110435.694
688009.SH,2020-11-04,5.16,5.18,5.11,5.15,5.15,0.0,0.0,118509.73,71681.471
688009.SH,2020-11-05,5.17,5.22,5.16,5.19,5.15,0.040000000000000036,0.78,172186.36,105182.703
688009.SH,2020-11-06,5.19,5.21,5.17,5.19,5.19,0.0,0.0,127309.58,77691.459
688009.SH,2020-11-09,5.22,5.28,5.21,5.25,5.19,0.05999999999999961,1.16,308803.95,190786.129
688009.SH,2020-11-10,5.28,5.28,5.2,5.21,5.25,-0.040000000000000036,-0.76,192218.84,118331.525
688009.SH,2020-11-11,5.21,5.24,5.16,5.18,5.21,-0.03000000000000025,-0.58,202973.84,124020.727
688009.SH,2020-11-12,5.18,5.2,5.16,5.19,5.18,0.010000000000000675,0.19,136392.06,83192.173
688009.SH,2020-11-13,5.18,5.19,5.13,5.18,5.19,-0.010000000000000675,-0.19,202127.02,122660.315
688009.SH,2020-11-16,5.32,5.33,5.22,5.24,5.18,0.0600000000000005,1.16,353657.36,218132.598
688009.SH,2020-11-17,5.26,5.27,5.21,5.24,5.24,0.0,0.0,266680.77,164239.615
688009.SH,2020-11-18,5.24,5.26,5.21,5.23,5.24,-0.009999999999999787,-0.19,216597.1,133391.246
688009.SH,2020-11-19,5.22,5.24,5.21,5.23,5.23,0.0,0.0,160398.15,98567.868
688009.SH,2020-11-20,5.22,5.24,5.21,5.24,5.23,0.009999999999999787,0.19,186579.0,114747.525
688009.SH,2020-11-23,5.24,5.26,5.21,5.24,5.24,0.0,0.0,228229.55,140715.695
688009.SH,2020-11-24,5.24,5.24,5.21,5.22,5.24,-0.020000000000000462,-0.38,193807.8,119285.951
688009.SH,2020-11-25,5.24,5.24,5.2,5.2,5.22,-0.019999999999999574,-0.38,209670.51,128873.223
688009.SH,2020-11-26,5.2,5.21,5.16,5.17,5.2,-0.03000000000000025,-0.58,151738.59,92428.981
688009.SH,2020-11-27,5.17,5.19,5.13,5.19,5.17,0.020000000000000462,0.39,139947.26,85016.76
688009.SH,2020-11-30,5.2,5.28,5.19,5.24,5.19,0.04999999999999982,0.96,336722.74,207866.191
688009.SH,2020-12-01,5.23,5.26,5.22,5.25,5.24,0.009999999999999787,0.19,165301.94,102051.139
688009.SH,2020-12-02,5.25,5.31,5.24,5.3,5.25,0.04999999999999982,0.95,259326.02,161297.437
688009.SH,2020-12-03,5.3,5.3,5.24,5.24,5.3,-0.05999999999999961,-1.13,140012.94,86579.623
688009.SH,2020-12-04,5.25,5.25,5.22,5.23,5.24,-0.009999999999999787,-0.19,120166.05,73975.383
688009.SH,2020-12-07,5.23,5.24,5.17,5.18,5.23,-0.05000000000000071,-0.96,160327.06,98108.571
688009.SH,2020-12-08,5.18,5.21,5.15,5.16,5.18,-0.019999999999999574,-0.39,178227.7,108538.692
688009.SH,2020-12-09,5.17,5.19,5.13,5.16,5.16,0.0,0.0,230714.58,140335.52
688009.SH,2020-12-10,5.13,5.17,5.11,5.12,5.16,-0.040000000000000036,-0.78,275405.51,166486.936
688009.SH,2020-12-11,5.13,5.24,5.11,5.24,5.12,0.1200000000000001,2.34,566584.45,344958.382
688009.SH,2020-12-14,5.21,5.25,5.19,5.2,5.24,-0.040000000000000036,-0.76,250451.47,153883.974
688009.SH,2020-12-15,5.21,5.22,5.14,5.17,5.2,-0.03000000000000025,-0.58,152490.97,92668.407
688009.SH,2020-12-16,5.16,5.21,5.11,5.14,5.17,-0.03000000000000025,-0.58,192348.19,116429.949
688009.SH,2020-12-17,5.13,5.16,5.1,5.16,5.14,0.020000000000000462,0.39,136911.29,82630.542
688009.SH,2020-12-18,5.13,5.16,5.13,5.13,5.16,-0.03000000000000025,-0.58,106907.93,64583.402
688009.SH,2020-12-21,5.13,5.16,5.12,5.13,5.13,0.0,0.0,136293.06,82330.234
688009.SH,2020-12-22,5.13,5.13,5.06,5.08,5.13,-0.04999999999999982,-0.97,217858.76,130654.717
688009.SH,2020-12-23,5.08,5.1,5.05,5.07,5.08,-0.009999999999999787,-0.2,146381.22,87191.798
688009.SH,2020-12-24,5.07,5.08,5.02,5.04,5.07,-0.03000000000000025,-0.59,161085.1,95413.165
688009.SH,2020-12-25,5.02,5.06,5.02,5.04,5.04,0.0,0.0,110605.19,65579.784
688009.SH,2020-12-28,5.05,5.05,4.97,4.99,5.04,-0.04999999999999982,-0.99,186106.57,109587.345
688009.SH,2020-12-29,4.98,5.03,4.98,5.02,4.99,0.02999999999999936,0.6,114236.86,67399.378
688009.SH,2020-12-30,5.02,5.02,4.96,4.96,5.02,-0.05999999999999961,-1.2,192993.53,113095.809
688009.SH,2020-12-31,4.98,5.0,4.95,4.98,4.96,0.020000000000000462,0.4,254642.89,148770.083
688009.SH,2021-01-04,5.0,5.0,4.94,4.98,4.98,0.0,0.0,240501.66,140574.124
688009.SH,2021-01-05,4.97,5.09,4.94,5.02,4.98,0.03999999999999915,0.8,326376.25,192559.923
688009.SH,2021-01-06,5.02,5.17,4.97,5.12,5.02,0.10000000000000053,1.99,496918.27,298098.482
688009.SH,2021-01-07,5.1,5.11,4.97,5.03,5.12,-0.08999999999999986,-1.76,302870.1,179235.382
688009.SH,2021-01-08,5.04,5.08,5.02,5.04,5.03,0.009999999999999787,0.2,162203.15,96314.843
688009.SH,2021-01-11,5.02,5.07,4.96,4.97,5.04,-0.07000000000000028,-1.39,206927.46,121590.714
688009.SH,2021-01-12,4.95,5.0,4.95,4.99,4.97,0.020000000000000462,0.4,152852.07,89481.802
688009.SH,2021-01-13,5.0,5.16,4.95,5.09,4.99,0.09999999999999964,2.0,482780.12,288403.906
688009.SH,2021-01-14,5.1,5.43,5.08,5.31,5.09,0.21999999999999975,4.32,1241270.49,776807.14
688009.SH,2021-01-15,5.28,5.31,5.18,5.18,5.31,-0.1299999999999999,-2.45,588563.84,362332.972
688009.SH,2021-01-18,5.19,5.21,5.15,5.18,5.18,0.0,0.0,326923.19,199188.553
688009.SH,2021-01-19,5.2,5.21,5.12,5.13,5.18,-0.04999999999999982,-0.97,286822.12,173965.058
688009.SH,2021-01-20,5.14,5.21,5.11,5.13,5.13,0.0,0.0,285573.34,173058.28
688009.SH,2021-01-21,5.14,5.14,5.1,5.11,5.13,-0.019999999999999574,-0.39,246459.18,148424.041
688009.SH,2021-01-22,5.11,5.12,5.0,5.02,5.11,-0.09000000000000075,-1.76,302788.99,179496.639
688009.SH,2021-01-25,5.01,5.04,4.97,5.0,5.02,-0.019999999999999574,-0.4,196275.34,115406.331
688009.SH,2021-01-26,4.98,5.03,4.97,4.98,5.0,-0.019999999999999574,-0.4,143000.8,84043.689
688009.SH,2021-01-27,4.98,5.03,4.97,4.98,4.98,0.0,0.0,135745.77,79832.62
688009.SH,2021-01-28,4.97,4.98,4.95,4.96,4.98,-0.020000000000000462,-0.4,161077.02,94015.287
688009.SH,2021-01-29,4.96,4.97,4.86,4.9,4.96,-0.05999999999999961,-1.21,211639.55,122431.006
688009.SH,2021-02-01,4.89,4.93,4.86,4.92,4.9,0.019999999999999574,0.41,141716.27,81647.704
688009.SH,2021-02-02,4.93,4.94,4.86,4.86,4.92,-0.05999999999999961,-1.22,132375.48,76072.866
688009.SH,2021-02-03,4.87,4.87,4.69,4.74,4.86,-0.1200000000000001,-2.47,276293.45,154339.156
688009.SH,2021-02-04,4.71,4.75,4.6,4.65,4.74,-0.08999999999999986,-1.9,192981.28,105356.152
688009.SH,2021-02-05,4.64,4.69,4.61,4.62,4.65,-0.03000000000000025,-0.65,128187.92,69965.056
688009.SH,2021-02-08,4.64,4.67,4.59,4.6,4.62,-0.020000000000000462,-0.43,105638.62,57511.189
688009.SH,2021-02-09,4.61,4.65,4.59,4.64,4.6,0.040000000000000036,0.87,122772.97,66858.941
688009.SH,2021-02-10,4.69,4.71,4.64,4.69,4.64,0.05000000000000071,1.08,116848.61,64192.74
688009.SH,2021-02-18,4.75,4.78,4.74,4.75,4.69,0.05999999999999961,1.28,162056.81,90640.311
688009.SH,2021-02-19,4.75,4.88,4.75,4.86,4.75,0.11000000000000032,2.32,204309.72,116127.705
688009.SH,2021-02-22,4.95,5.09,4.95,4.97,4.86,0.10999999999999943,2.26,507918.07,300606.489
688009.SH,2021-02-23,4.98,5.02,4.95,4.98,4.97,0.010000000000000675,0.2,199912.37,117104.074
688009.SH,2021-02-24,4.94,5.03,4.93,4.97,4.98,-0.010000000000000675,-0.2,223806.03,131040.812
688009.SH,2021-02-25,5.02,5.09,4.97,5.03,4.97,0.0600000000000005,1.21,284998.05,168752.288
688009.SH,2021-02-26,4.97,5.05,4.96,5.03,5.03,0.0,0.0,208121.26,123100.974
688009.SH,2021-03-01,5.04,5.07,4.96,4.97,5.03,-0.0600000000000005,-1.19,216507.56,127109.584
688009.SH,2021-03-02,4.99,5.03,4.93,4.95,4.97,-0.019999999999999574,-0.4,142151.49,82963.19
688009.SH,2021-03-03,4.95,4.98,4.94,4.97,4.95,0.019999999999999574,0.4,143293.37,83622.254
688009.SH,2021-03-04,4.96,4.97,4.93,4.95,4.97,-0.019999999999999574,-0.4,185621.28,108191.285
688009.SH,2021-03-05,4.95,4.99,4.93,4.96,4.95,0.009999999999999787,0.2,123233.36,71976.508
688009.SH,2021-03-08,4.97,5.03,4.97,4.98,4.96,0.020000000000000462,0.4,244122.69,143542.581
688009.SH,2021-03-09,4.97,5.0,4.85,4.93,4.98,-0.05000000000000071,-1.0,214836.68,124625.894
688009.SH,2021-03-10,4.92,4.95,4.8,4.8,4.93,-0.1299999999999999,-2.64,207094.39,118540.952
688009.SH,2021-03-11,4.83,4.84,4.8,4.82,4.8,0.020000000000000462,0.42,131182.33,74329.866
688009.SH,2021-03-12,4.83,4.84,4.8,4.81,4.82,-0.010000000000000675,-0.21,164435.12,93105.956
688009.SH,2021-03-15,4.82,4.89,4.8,4.87,4.81,0.0600000000000005,1.25,183650.68,104993.805
688009.SH,2021-03-16,4.89,5.02,4.89,4.97,4.87,0.09999999999999964,2.05,182928.53,106448.174
688009.SH,2021-03-17,4.98,4.99,4.92,4.93,4.97,-0.040000000000000036,-0.8,114205.69,66419.41
688009.SH,2021-03-18,4.93,4.96,4.91,4.92,4.93,-0.009999999999999787,-0.2,106052.57,61371.593
688009.SH,2021-03-19,4.9,4.93,4.75,4.75,4.92,-0.16999999999999993,-3.46,240458.56,136806.992
688009.SH,2021-03-22,4.8,4.9,4.8,4.87,4.75,0.1200000000000001,2.53,136925.99,78378.078
688009.SH,2021-03-23,4.89,4.92,4.84,4.86,4.87,-0.009999999999999787,-0.21,100333.65,57391.218
688009.SH,2021-03-24,4.86,4.88,4.84,4.86,4.86,0.0,0.0,98884.21,56487.827
688009.SH,2021-03-25,4.86,4.87,4.8,4.81,4.86,-0.05000000000000071,-1.03,110042.43,62545.412
688009.SH,2021-03-26,4.81,4.85,4.8,4.83,4.81,0.020000000000000462,0.42,109030.54,61861.937
688009.SH,2021-03-29,4.83,4.86,4.82,4.83,4.83,0.0,0.0,91809.06,52249.431
688009.SH,2021-03-30,4.86,4.86,4.81,4.82,4.83,-0.009999999999999787,-0.21,74320.41,42174.701
688009.SH,2021-03-31,4.83,4.84,4.8,4.82,4.82,0.0,0.0,84385.57,47835.862
688009.SH,2021-04-01,4.83,4.84,4.79,4.82,4.82,0.0,0.0,115407.96,65330.562
688009.SH,2021-04-02,4.83,4.84,4.79,4.81,4.82,-0.010000000000000675,-0.21,127015.88,71806.504
688009.SH,2021-04-06,4.81,4.84,4.81,4.82,4.81,0.010000000000000675,0.21,79439.77,45064.756
688009.SH,2021-04-07,4.82,4.88,4.81,4.87,4.82,0.04999999999999982,1.04,133009.8,76000.395
688009.SH,2021-04-08,4.87,4.92,4.86,4.87,4.87,0.0,0.0,160845.31,92439.021
688009.SH,2021-04-09,4.88,4.89,4.84,4.88,4.87,0.009999999999999787,0.21,104546.75,59784.591
688009.SH,2021-04-12,4.87,4.91,4.85,4.86,4.88,-0.019999999999999574,-0.41,119312.67,68554.666
688009.SH,2021-04-13,4.87,4.88,4.83,4.85,4.86,-0.010000000000000675,-0.21,91134.5,51971.156
688009.SH,2021-04-14,4.83,4.86,4.82,4.85,4.85,0.0,0.0,97167.49,55381.45
688009.SH,2021-04-15,4.85,4.9,4.83,4.87,4.85,0.020000000000000462,0.41,118637.69,68020.763
688009.SH,2021-04-16,4.88,4.97,4.87,4.95,4.87,0.08000000000000007,1.64,228913.32,132704.79
688009.SH,2021-04-19,4.96,5.01,4.93,4.98,4.95,0.03000000000000025,0.61,185405.01,108303.8
688009.SH,2021-04-20,4.98,4.99,4.92,4.92,4.98,-0.0600000000000005,-1.2,154032.56,89760.106
688009.SH,2021-04-21,4.92,4.92,4.88,4.88,4.92,-0.040000000000000036,-0.81,99463.98,57224.253
688009.SH,2021-04-22,4.89,4.92,4.87,4.89,4.88,0.009999999999999787,0.2,104445.38,60035.575
688009.SH,2021-04-23,4.89,4.89,4.85,4.86,4.89,-0.02999999999999936,-0.61,91679.81,52455.75
688009.SH,2021-04-26,4.87,4.89,4.8,4.8,4.86,-0.0600000000000005,-1.23,222480.04,126771.893
688009.SH,2021-04-27,4.8,4.82,4.76,4.76,4.8,-0.040000000000000036,-0.83,117430.39,65977.695
688009.SH,2021-04-28,4.76,4.79,4.75,4.76,4.76,0.0,0.0,80261.41,44952.656
688009.SH,2021-04-29,4.76,4.79,4.75,4.77,4.76,0.009999999999999787,0.21,93409.72,52406.105
688009.SH,2021-04-30,4.76,4.79,4.75,4.77,4.77,0.0,0.0,111245.68,62403.937
688009.SH,2021-05-06,4.76,4.8,4.75,4.78,4.77,0.010000000000000675,0.21,126456.61,71098.721
688009.SH,2021-05-07,4.79,4.88,4.77,4.85,4.78,0.0699999999999994,1.46,183208.18,104530.441
688009.SH,2021-05-10,4.86,4.88,4.84,4.86,4.85,0.010000000000000675,0.21,106263.42,60789.478
688009.SH,2021-05-11,4.85,4.88,4.85,4.87,4.86,0.009999999999999787,0.21,80163.28,45904.766
688009.SH,2021-05-12,4.88,4.9,4.84,4.88,4.87,0.009999999999999787,0.21,136041.23,77908.479
688009.SH,2021-05-13,4.87,4.93,4.85,4.9,4.88,0.020000000000000462,0.41,149287.42,86158.779
688009.SH,2021-05-14,4.9,4.92,4.89,4.92,4.9,0.019999999999999574,0.41,111432.11,64285.193
688009.SH,2021-05-17,4.92,4.92,4.86,4.86,4.92,-0.05999999999999961,-1.22,129121.78,74067.418
688009.SH,2021-05-18,4.86,4.87,4.83,4.84,4.86,-0.020000000000000462,-0.41,94273.78,53730.818
688009.SH,2021-05-19,4.85,4.85,4.81,4.82,4.84,-0.019999999999999574,-0.41,79587.12,45138.348
688009.SH,2021-05-20,4.82,4.86,4.8,4.83,4.82,0.009999999999999787,0.21,89575.93,50874.009
688009.SH,2021-05-21,4.83,4.84,4.8,4.8,4.83,-0.03000000000000025,-0.62,111070.27,62901.378
688009.SH,2021-05-24,4.8,4.84,4.8,4.83,4.8,0.03000000000000025,0.63,100501.23,57029.389
688009.SH,2021-05-25,4.84,4.89,4.83,4.89,4.83,0.05999999999999961,1.24,168096.59,96125.971
688009.SH,2021-05-26,4.89,4.9,4.87,4.89,4.89,0.0,0.0,115238.5,66224.852
688009.SH,2021-05-27,4.91,4.92,4.86,4.92,4.89,0.03000000000000025,0.61,429746.35,247668.437
688009.SH,2021-05-28,4.9,4.93,4.87,4.88,4.92,-0.040000000000000036,-0.81,174370.35,100482.965
688009.SH,2021-05-31,4.9,4.9,4.85,4.86,4.88,-0.019999999999999574,-0.41,179148.27,102340.795
688009.SH,2021-06-01,4.86,4.88,4.84,4.86,4.86,0.0,0.0,199032.57,113698.824
688009.SH,2021-06-02,4.86,4.87,4.82,4.86,4.86,0.0,0.0,232498.5,132444.036
688009.SH,2021-06-03,4.86,4.86,4.82,4.82,4.86,-0.040000000000000036,-0.82,158670.53,90279.598
688009.SH,2021-06-04,4.82,4.84,4.81,4.82,4.82,0.0,0.0,133421.95,75676.146
688009.SH,2021-06-07,4.84,4.84,4.8,4.82,4.82,0.0,0.0,166923.4,94441.973
688009.SH,2021-06-08,4.82,4.82,4.77,4.79,4.82,-0.03000000000000025,-0.62,177459.55,99906.989
688009.SH,2021-06-09,4.8,4.8,4.77,4.79,4.79,0.0,0.0,141320.86,79467.168
688009.SH,2021-06-10,4.78,4.79,4.77,4.79,4.79,0.0,0.0,234765.43,131864.708
688009.SH,2021-06-11,4.79,4.79,4.74,4.77,4.79,-0.020000000000000462,-0.42,331149.26,185220.546
688009.SH,2021-06-15,4.75,4.77,4.73,4.74,4.77,-0.02999999999999936,-0.63,144910.29,80874.778
688009.SH,2021-06-16,4.74,4.77,4.72,4.74,4.74,0.0,0.0,139589.88,77949.6
688009.SH,2021-06-17,4.75,4.8,4.73,4.79,4.74,0.04999999999999982,1.05,229712.21,128858.205
688009.SH,2021-06-18,4.8,4.8,4.74,4.75,4.79,-0.040000000000000036,-0.84,160980.28,90077.666
688009.SH,2021-06-21,4.75,4.77,4.74,4.76,4.75,0.009999999999999787,0.21,115498.32,64570.053
688009.SH,2021-06-22,4.76,4.93,4.75,4.84,4.76,0.08000000000000007,1.68,407988.39,232806.388
688009.SH,2021-06-23,4.81,4.85,4.78,4.83,4.84,-0.009999999999999787,-0.21,211220.84,119424.397
688009.SH,2021-06-24,4.82,4.85,4.78,4.8,4.83,-0.03000000000000025,-0.62,148465.73,84083.443
688009.SH,2021-06-25,4.8,4.83,4.78,4.81,4.8,0.009999999999999787,0.21,146869.95,82934.804
688009.SH,2021-06-28,4.8,4.86,4.8,4.83,4.81,0.020000000000000462,0.42,201437.61,114627.005
688009.SH,2021-06-29,4.83,4.86,4.8,4.82,4.83,-0.009999999999999787,-0.21,127906.1,72507.995
688009.SH,2021-06-30,4.82,4.86,4.8,4.84,4.82,0.019999999999999574,0.41,164067.15,93351.943
688009.SH,2021-07-01,4.85,4.86,4.82,4.84,4.84,0.0,0.0,210088.09,119691.354
688009.SH,2021-07-02,4.83,4.83,4.76,4.76,4.84,-0.08000000000000007,-1.65,168960.82,95123.174
688009.SH,2021-07-05,4.77,4.79,4.75,4.77,4.76,0.009999999999999787,0.21,180866.86,101314.881
688009.SH,2021-07-06,4.77,4.78,4.74,4.75,4.77,-0.019999999999999574,-0.42,211423.77,118265.841
688009.SH,2021-07-07,4.75,4.76,4.73,4.74,4.75,-0.009999999999999787,-0.21,245268.77,136824.25
688009.SH,2021-07-08,4.75,4.8,4.74,4.77,4.74,0.02999999999999936,0.63,207477.62,116478.319
688009.SH,2021-07-09,4.78,4.79,4.75,4.76,4.77,-0.009999999999999787,-0.21,149894.88,83939.64
688009.SH,2021-07-12,4.78,4.8,4.76,4.77,4.76,0.009999999999999787,0.21,183125.24,102970.474
688009.SH,2021-07-13,4.78,4.8,4.76,4.79,4.77,0.020000000000000462,0.42,166756.58,93809.454
688009.SH,2021-07-14,4.8,4.8,4.76,4.77,4.79,-0.020000000000000462,-0.42,170148.38,95505.108
688009.SH,2021-07-15,4.8,4.8,4.74,4.75,4.77,-0.019999999999999574,-0.42,159940.67,86375.705
688009.SH,2021-07-16,4.74,4.77,4.74,4.76,4.75,0.009999999999999787,0.21,115479.12,62266.707
688009.SH,2021-07-19,4.76,4.76,4.69,4.7,4.76,-0.05999999999999961,-1.26,149949.99,80042.518
688009.SH,2021-07-20,4.7,4.72,4.68,4.71,4.7,0.009999999999999787,0.21,126391.36,67336.385
688009.SH,2021-07-21,4.72,4.72,4.68,4.69,4.71,-0.019999999999999574,-0.42,159757.48,85234.234
688009.SH,2021-07-22,4.68,4.73,4.67,4.69,4.69,0.0,0.0,166941.15,88930.897
688009.SH,2021-07-23,4.7,4.72,4.67,4.68,4.69,-0.010000000000000675,-0.21,177699.06,94523.329
688009.SH,2021-07-26,4.69,4.7,4.61,4.65,4.68,-0.02999999999999936,-0.64,242461.19,127765.053
688009.SH,2021-07-27,4.65,4.67,4.61,4.62,4.65,-0.03000000000000025,-0.65,240342.95,126558.666
688009.SH,2021-07-28,4.62,4.64,4.46,4.48,4.62,-0.13999999999999968,-3.03,348084.34,178468.53
688009.SH,2021-07-29,4.51,4.52,4.45,4.48,4.48,0.0,0.0,202800.12,102987.546
688009.SH,2021-07-30,4.48,4.48,4.42,4.46,4.48,-0.020000000000000462,-0.45,185469.74,93560.194
688009.SH,2021-08-02,4.48,4.57,4.43,4.57,4.46,0.11000000000000032,2.47,235702.57,120643.446
688009.SH,2021-08-03,4.55,4.6,4.51,4.53,4.57,-0.040000000000000036,-0.88,172701.7,89184.403
688009.SH,2021-08-04,4.52,4.54,4.48,4.5,4.53,-0.03000000000000025,-0.66,174693.48,89215.411
688009.SH,2021-08-05,4.5,4.51,4.46,4.48,4.5,-0.019999999999999574,-0.44,173907.07,88422.682
688009.SH,2021-08-06,4.48,4.49,4.43,4.45,4.48,-0.03000000000000025,-0.67,199955.43,101132.018
688009.SH,2021-08-09,4.45,4.5,4.44,4.49,4.45,0.040000000000000036,0.9,172825.98,87780.675
688009.SH,2021-08-10,4.47,4.5,4.46,4.49,4.49,0.0,0.0,150905.29,76653.606
688009.SH,2021-08-11,4.5,4.57,4.49,4.52,4.49,0.02999999999999936,0.67,206775.19,106108.636
688009.SH,2021-08-12,4.53,4.54,4.49,4.5,4.52,-0.019999999999999574,-0.44,148830.71,76059.176
688009.SH,2021-08-13,4.5,4.51,4.48,4.5,4.5,0.0,0.0,133846.3,68154.841
688009.SH,2021-08-16,4.51,4.52,4.49,4.51,4.5,0.009999999999999787,0.22,112303.2,57496.918
688009.SH,2021-08-17,4.51,4.53,4.47,4.48,4.51,-0.02999999999999936,-0.67,162757.3,83089.249
688009.SH,2021-08-18,4.47,4.51,4.46,4.51,4.48,0.02999999999999936,0.67,124229.45,63216.41
688009.SH,2021-08-19,4.5,4.51,4.47,4.48,4.51,-0.02999999999999936,-0.67,121032.82,61521.741
688009.SH,2021-08-20,4.49,4.52,4.45,4.49,4.48,0.009999999999999787,0.22,199997.84,101633.16
688009.SH,2021-08-23,4.49,4.51,4.48,4.51,4.49,0.019999999999999574,0.45,123668.54,63059.67
688009.SH,2021-08-24,4.51,4.52,4.5,4.51,4.51,0.0,0.0,148849.28,76167.872
688009.SH,2021-08-25,4.52,4.54,4.49,4.53,4.51,0.020000000000000462,0.44,183670.71,94020.909
688009.SH,2021-08-26,4.51,4.54,4.51,4.51,4.53,-0.020000000000000462,-0.44,205822.89,105458.884
688009.SH,2021-08-27,4.51,4.71,4.49,4.62,4.51,0.11000000000000032,2.44,490677.37,255263.909
688009.SH,2021-08-30,4.58,4.6,4.52,4.53,4.62,-0.08999999999999986,-1.95,282147.27,145749.306
688009.SH,2021-08-31,4.53,4.61,4.51,4.61,4.53,0.08000000000000007,1.77,278816.78,144586.546
688009.SH,2021-09-01,4.62,4.79,4.62,4.73,4.61,0.1200000000000001,2.6,546780.5,292771.817
688009.SH,2021-09-02,4.67,4.77,4.67,4.76,4.73,0.02999999999999936,0.63,327850.46,175749.932
688009.SH,2021-09-03,4.78,4.84,4.73,4.74,4.76,-0.019999999999999574,-0.42,346341.63,187767.242
688009.SH,2021-09-06,4.73,4.78,4.72,4.74,4.74,0.0,0.0,236845.66,127547.133
688009.SH,2021-09-07,4.74,4.8,4.73,4.77,4.74,0.02999999999999936,0.63,223459.28,120565.21
688009.SH,2021-09-08,4.76,4.85,4.76,4.81,4.77,0.040000000000000036,0.84,274506.18,149918.793
688009.SH,2021-09-09,4.81,4.91,4.79,4.89,4.81,0.08000000000000007,1.66,369950.8,204170.232
688009.SH,2021-09-10,4.88,4.9,4.8,4.81,4.89,-0.08000000000000007,-1.64,298904.56,164293.97
688009.SH,2021-09-13,4.81,4.86,4.79,4.81,4.81,0.0,0.0,255523.88,139608.833
688009.SH,2021-09-14,4.81,4.82,4.66,4.66,4.81,-0.14999999999999947,-3.12,366043.63,196106.38
688009.SH,2021-09-15,4.67,4.71,4.66,4.68,4.66,0.019999999999999574,0.43,178640.8,94992.67
688009.SH,2021-09-16,4.71,4.76,4.67,4.71,4.68,0.03000000000000025,0.64,220691.53,118178.911
688009.SH,2021-09-17,4.72,4.72,4.62,4.66,4.71,-0.04999999999999982,-1.06,229725.2,121460.039
688009.SH,2021-09-22,4.63,4.7,4.6,4.68,4.66,0.019999999999999574,0.43,208354.95,110025.01
688009.SH,2021-09-23,4.69,4.78,4.68,4.73,4.68,0.05000000000000071,1.07,180584.35,97053.32
688009.SH,2021-09-24,4.74,4.75,4.65,4.66,4.73,-0.07000000000000028,-1.48,169963.0,90356.19
688009.SH,2021-09-27,4.66,4.7,4.55,4.57,4.66,-0.08999999999999986,-1.93,194013.0,101170.181
688009.SH,2021-09-28,4.57,4.59,4.54,4.58,4.57,0.009999999999999787,0.22,120750.87,62545.532
688009.SH,2021-09-29,4.56,4.59,4.53,4.55,4.58,-0.03000000000000025,-0.66,146211.57,75541.753
688009.SH,2021-09-30,4.54,4.59,4.53,4.55,4.55,0.0,0.0,116887.73,60389.776
688009.SH,2021-10-08,4.57,4.62,4.57,4.6,4.55,0.04999999999999982,1.1,113184.97,58963.076
688009.SH,2021-10-11,4.61,4.61,4.58,4.59,4.6,-0.009999999999999787,-0.22,101350.67,52800.015
688009.SH,2021-10-12,4.59,4.6,4.55,4.57,4.59,-0.019999999999999574,-0.44,153142.35,79382.223
688009.SH,2021-10-13,4.57,4.58,4.52,4.55,4.57,-0.020000000000000462,-0.44,121150.85,62515.542
688009.SH,2021-10-14,4.56,4.56,4.52,4.54,4.55,-0.009999999999999787,-0.22,74165.31,38209.654
688009.SH,2021-10-15,4.55,4.56,4.51,4.51,4.54,-0.03000000000000025,-0.66,113221.83,58127.552
688009.SH,2021-10-18,4.51,4.56,4.51,4.54,4.51,0.03000000000000025,0.67,84847.0,43557.295
688009.SH,2021-10-19,4.54,4.55,4.51,4.52,4.54,-0.020000000000000462,-0.44,95447.67,49020.992
688009.SH,2021-10-20,4.53,4.54,4.51,4.51,4.52,-0.009999999999999787,-0.22,68309.14,35072.615
688009.SH,2021-10-21,4.51,4.53,4.51,4.51,4.51,0.0,0.0,75871.11,38853.597
688009.SH,2021-10-22,4.52,4.52,4.47,4.48,4.51,-0.02999999999999936,-0.67,112072.55,57125.667
688009.SH,2021-10-25,4.48,4.51,4.47,4.5,4.48,0.019999999999999574,0.45,73573.7,37470.099
688009.SH,2021-10-26,4.51,4.51,4.48,4.48,4.5,-0.019999999999999574,-0.44,79700.19,40562.83
688009.SH,2021-10-27,4.49,4.49,4.43,4.43,4.48,-0.05000000000000071,-1.12,116148.55,58545.805
688009.SH,2021-10-28,4.42,4.42,4.32,4.35,4.43,-0.08000000000000007,-1.81,188335.09,92975.942
688009.SH,2021-10-29,4.33,4.36,4.32,4.35,4.35,0.0,0.0,132452.36,65175.474
688009.SH,2021-11-01,4.34,4.36,4.3,4.36,4.35,0.010000000000000675,0.23,128708.88,63163.367
688009.SH,2021-11-02,4.35,4.36,4.28,4.31,4.36,-0.05000000000000071,-1.15,138475.5,67833.753
688009.SH,2021-11-03,4.3,4.33,4.28,4.31,4.31,0.0,0.0,72652.56,35487.109
688009.SH,2021-11-04,4.32,4.33,4.3,4.33,4.31,0.020000000000000462,0.46,90368.31,44199.796
688009.SH,2021-11-05,4.32,4.33,4.3,4.31,4.33,-0.020000000000000462,-0.46,74819.24,36573.544
688009.SH,2021-11-08,4.31,4.33,4.28,4.33,4.31,0.020000000000000462,0.46,84868.8,41448.778
688009.SH,2021-11-09,4.31,4.35,4.31,4.34,4.33,0.009999999999999787,0.23,115918.77,56934.043
688009.SH,2021-11-10,4.33,4.35,4.3,4.34,4.34,0.0,0.0,96125.16,47121.138
688009.SH,2021-11-11,4.34,4.38,4.33,4.37,4.34,0.03000000000000025,0.69,105464.03,52207.357
688009.SH,2021-11-12,4.37,4.38,4.35,4.36,4.37,-0.009999999999999787,-0.23,78096.54,38666.958
688009.SH,2021-11-15,4.36,4.41,4.36,4.41,4.36,0.04999999999999982,1.15,98285.94,48907.539
688009.SH,2021-11-16,4.41,4.42,4.36,4.38,4.41,-0.03000000000000025,-0.68,85787.59,42784.04
688009.SH,2021-11-17,4.37,4.4,4.36,4.38,4.38,0.0,0.0,74819.7,37205.225
688009.SH,2021-11-18,4.38,4.39,4.34,4.35,4.38,-0.03000000000000025,-0.68,82996.12,41022.021
688009.SH,2021-11-19,4.35,4.36,4.33,4.36,4.35,0.010000000000000675,0.23,80131.55,39534.517
688009.SH,2021-11-22,4.37,4.37,4.34,4.35,4.36,-0.010000000000000675,-0.23,97131.02,47898.936
688009.SH,2021-11-23,4.36,4.38,4.35,4.37,4.35,0.020000000000000462,0.46,145728.78,72211.514
688009.SH,2021-11-24,4.38,4.39,4.37,4.38,4.37,0.009999999999999787,0.23,78497.88,39022.782
688009.SH,2021-11-25,4.38,4.4,4.36,4.39,4.38,0.009999999999999787,0.23,94204.41,46838.077
688009.SH,2021-11-26,4.39,4.39,4.35,4.36,4.39,-0.02999999999999936,-0.68,81110.07,40130.554
688009.SH,2021-11-29,4.33,4.34,4.29,4.3,4.36,-0.0600000000000005,-1.38,153767.95,75239.797
688009.SH,2021-11-30,4.29,4.32,4.28,4.28,4.3,-0.019999999999999574,-0.47,164351.71,80137.647
688009.SH,2021-12-01,4.28,4.34,4.28,4.33,4.28,0.04999999999999982,1.17,119241.18,58294.847
688009.SH,2021-12-02,4.33,4.34,4.31,4.33,4.33,0.0,0.0,118091.09,57937.499
688009.SH,2021-12-03,4.32,4.43,4.31,4.42,4.33,0.08999999999999986,2.08,277995.67,138114.44
688009.SH,2021-12-06,4.41,4.43,4.36,4.36,4.42,-0.05999999999999961,-1.36,188731.53,94033.987
688009.SH,2021-12-07,4.37,4.42,4.36,4.41,4.36,0.04999999999999982,1.15,204204.11,101819.979
688009.SH,2021-12-08,4.42,4.44,4.38,4.4,4.41,-0.009999999999999787,-0.23,156339.58,78091.479
688009.SH,2021-12-09,4.4,4.42,4.38,4.41,4.4,0.009999999999999787,0.23,182837.38,91273.43
688009.SH,2021-12-10,4.39,4.42,4.37,4.41,4.41,0.0,0.0,339448.09,169136.097
688009.SH,2021-12-13,4.42,4.42,4.37,4.37,4.41,-0.040000000000000036,-0.91,231780.65,115360.772
688009.SH,2021-12-14,4.37,4.38,4.35,4.36,4.37,-0.009999999999999787,-0.23,139768.25,69043.801
688009.SH,2021-12-15,4.36,4.37,4.34,4.35,4.36,-0.010000000000000675,-0.23,98130.37,48478.738
688009.SH,2021-12-16,4.36,4.37,4.35,4.36,4.35,0.010000000000000675,0.23,93676.88,46328.287
688009.SH,2021-12-17,4.36,4.38,4.36,4.37,4.36,0.009999999999999787,0.23,126362.3,62619.734
688009.SH,2021-12-20,4.36,4.42,4.36,4.38,4.37,0.009999999999999787,0.23,199958.74,99640.329
688009.SH,2021-12-21,4.39,4.43,4.38,4.42,4.38,0.040000000000000036,0.91,182519.67,91307.827
688009.SH,2021-12-22,4.43,4.43,4.39,4.4,4.42,-0.019999999999999574,-0.45,135429.95,67696.913
688009.SH,2021-12-23,4.41,4.41,4.38,4.39,4.4,-0.010000000000000675,-0.23,109527.95,54557.767
688009.SH,2021-12-24,4.4,4.42,4.37,4.38,4.39,-0.009999999999999787,-0.23,145784.52,72636.674
688009.SH,2021-12-27,4.38,4.41,4.37,4.39,4.38,0.009999999999999787,0.23,126215.05,62871.215
688009.SH,2021-12-28,4.38,4.4,4.37,4.39,4.39,0.0,0.0,86736.91,43128.042
688009.SH,2021-12-29,4.38,4.39,4.37,4.39,4.39,0.0,0.0,98443.2,48937.358
688009.SH,2021-12-30,4.39,4.39,4.37,4.38,4.39,-0.009999999999999787,-0.23,103331.43,51380.486
688009.SH,2021-12-31,4.38,4.4,4.37,4.39,4.38,0.009999999999999787,0.23,130618.07,64993.235
688009.SH,2022-01-04,4.39,4.43,4.38,4.43,4.39,0.040000000000000036,0.91,244748.95,122583.712
688009.SH,2022-01-05,4.43,4.44,4.4,4.42,4.43,-0.009999999999999787,-0.23,179064.08,89764.409
688009.SH,2022-01-06,4.41,4.43,4.4,4.43,4.42,0.009999999999999787,0.23,150083.47,75349.868
688009.SH,2022-01-07,4.43,4.51,4.43,4.46,4.43,0.03000000000000025,0.68,300783.02,152589.83
688009.SH,2022-01-10,4.49,4.51,4.47,4.5,4.46,0.040000000000000036,0.9,183820.04,93604.426
688009.SH,2022-01-11,4.48,4.51,4.48,4.5,4.5,0.0,0.0,169081.67,86329.547
688009.SH,2022-01-12,4.51,4.51,4.47,4.48,4.5,-0.019999999999999574,-0.44,136147.65,69189.957
688009.SH,2022-01-13,4.49,4.5,4.45,4.45,4.48,-0.03000000000000025,-0.67,111970.3,56776.917
688009.SH,2022-01-14,4.46,4.46,4.4,4.4,4.45,-0.04999999999999982,-1.12,172683.22,86638.045
688009.SH,2022-01-17,4.39,4.43,4.39,4.41,4.4,0.009999999999999787,0.23,105978.3,52987.562
688009.SH,2022-01-18,4.41,4.45,4.4,4.43,4.41,0.019999999999999574,0.45,143790.75,72152.313
688009.SH,2022-01-19,4.43,4.45,4.42,4.43,4.43,0.0,0.0,95528.13,48085.638
688009.SH,2022-01-20,4.44,4.45,4.41,4.42,4.43,-0.009999999999999787,-0.23,137117.51,68912.073
688009.SH,2022-01-21,4.42,4.42,4.36,4.36,4.42,-0.05999999999999961,-1.36,183491.1,91196.051
688009.SH,2022-01-24,4.36,4.38,4.34,4.35,4.36,-0.010000000000000675,-0.23,100276.04,49595.976
688009.SH,2022-01-25,4.36,4.36,4.26,4.27,4.35,-0.08000000000000007,-1.84,189131.7,92301.1
688009.SH,2022-01-26,4.27,4.3,4.25,4.3,4.27,0.03000000000000025,0.7,114402.12,55470.892
688009.SH,2022-01-27,4.29,4.29,4.24,4.24,4.3,-0.05999999999999961,-1.4,131991.31,63788.637
688009.SH,2022-01-28,4.24,4.28,4.24,4.25,4.24,0.009999999999999787,0.24,109314.19,52762.96
688009.SH,2022-02-07,4.28,4.35,4.27,4.33,4.25,0.08000000000000007,1.88,140353.59,68787.752
688009.SH,2022-02-08,4.32,4.39,4.31,4.37,4.33,0.040000000000000036,0.92,171323.93,84954.345
688009.SH,2022-02-09,4.38,4.43,4.37,4.4,4.37,0.03000000000000025,0.69,143285.27,71541.02
688009.SH,2022-02-10,4.39,4.43,4.38,4.42,4.4,0.019999999999999574,0.45,136424.81,68239.212
688009.SH,2022-02-11,4.41,4.43,4.38,4.4,4.42,-0.019999999999999574,-0.45,111980.55,55924.622
688009.SH,2022-02-14,4.38,4.39,4.34,4.36,4.4,-0.040000000000000036,-0.91,91431.28,45164.264
688009.SH,2022-02-15,4.34,4.36,4.32,4.35,4.36,-0.010000000000000675,-0.23,108009.29,53174.889
688009.SH,2022-02-16,4.36,4.38,4.35,4.35,4.35,0.0,0.0,77009.4,38101.805
688009.SH,2022-02-17,4.36,4.36,4.33,4.34,4.35,-0.009999999999999787,-0.23,97728.74,48116.971
688009.SH,2022-02-18,4.33,4.38,4.31,4.37,4.34,0.03000000000000025,0.69,139438.7,68813.816
688009.SH,2022-02-21,4.37,4.37,4.34,4.36,4.37,-0.009999999999999787,-0.23,80207.55,39620.804
688009.SH,2022-02-22,4.34,4.36,4.32,4.34,4.36,-0.020000000000000462,-0.46,102827.53,50660.132
688009.SH,2022-02-23,4.34,4.35,4.32,4.33,4.34,-0.009999999999999787,-0.23,144056.04,70804.327
688009.SH,2022-02-24,4.33,4.34,4.24,4.25,4.33,-0.08000000000000007,-1.85,228290.07,110731.824
688009.SH,2022-02-25,4.27,4.29,4.25,4.27,4.25,0.019999999999999574,0.47,137961.7,66813.343
688009.SH,2022-02-28,4.27,4.28,4.23,4.28,4.27,0.010000000000000675,0.23,136191.53,65602.378
688009.SH,2022-03-01,4.26,4.28,4.25,4.27,4.28,-0.010000000000000675,-0.23,90552.27,43771.17
688009.SH,2022-03-02,4.26,4.29,4.25,4.28,4.27,0.010000000000000675,0.23,99154.74,48110.515
688009.SH,2022-03-03,4.28,4.33,4.28,4.31,4.28,0.02999999999999936,0.7,123551.96,60393.898
688009.SH,2022-03-04,4.32,4.33,4.28,4.3,4.31,-0.009999999999999787,-0.23,97520.79,47549.394
688009.SH,2022-03-07,4.28,4.31,4.24,4.26,4.3,-0.040000000000000036,-0.93,128327.13,62093.734
688009.SH,2022-03-08,4.25,4.27,4.21,4.21,4.26,-0.04999999999999982,-1.17,149835.45,72023.831
688009.SH,2022-03-09,4.21,4.23,3.95,4.08,4.21,-0.1299999999999999,-3.09,265392.03,123750.331
688009.SH,2022-03-10,4.15,4.16,4.08,4.09,4.08,0.009999999999999787,0.25,134847.86,63039.923
688009.SH,2022-03-11,4.07,4.16,3.98,4.14,4.09,0.04999999999999982,1.22,168670.91,77785.785
688009.SH,2022-03-14,4.13,4.16,4.04,4.04,4.14,-0.09999999999999964,-2.42,114599.19,53273.992
688009.SH,2022-03-15,4.04,4.04,3.83,3.84,4.04,-0.20000000000000018,-4.95,219910.54,98231.801
688009.SH,2022-03-16,3.87,3.93,3.77,3.91,3.84,0.07000000000000028,1.82,174338.95,76523.074
688009.SH,2022-03-17,3.95,3.96,3.91,3.91,3.91,0.0,0.0,151541.01,67589.162
688009.SH,2022-03-18,3.91,3.96,3.9,3.93,3.91,0.020000000000000018,0.51,106765.36,47578.299
688009.SH,2022-03-21,3.95,3.97,3.91,3.93,3.93,0.0,0.0,97173.13,43340.185
688009.SH,2022-03-22,3.97,4.03,3.95,4.0,3.93,0.06999999999999984,1.78,161968.6,73264.928
688009.SH,2022-03-23,3.97,3.99,3.96,3.97,4.0,-0.029999999999999805,-0.75,80671.96,36342.296
688009.SH,2022-03-24,3.96,3.96,3.91,3.93,3.97,-0.040000000000000036,-1.01,93043.44,41458.938
688009.SH,2022-03-25,3.92,3.95,3.91,3.91,3.93,-0.020000000000000018,-0.51,60062.19,26782.696
688009.SH,2022-03-28,3.9,3.94,3.87,3.94,3.91,0.029999999999999805,0.77,89260.28,39624.828
688009.SH,2022-03-29,3.93,3.93,3.9,3.9,3.94,-0.040000000000000036,-1.02,58473.67,25959.628
688009.SH,2022-03-30,3.91,3.94,3.9,3.94,3.9,0.040000000000000036,1.03,91657.46,40758.153
688009.SH,2022-03-31,3.92,3.94,3.91,3.92,3.94,-0.020000000000000018,-0.51,80467.03,35838.677
688009.SH,2022-04-01,3.91,3.95,3.91,3.95,3.92,0.03000000000000025,0.77,71463.32,31854.167
688009.SH,2022-04-06,3.95,4.03,3.92,4.03,3.95,0.08000000000000007,2.03,152821.43,69316.36
688009.SH,2022-04-07,4.01,4.04,3.98,3.99,4.03,-0.040000000000000036,-0.99,84091.29,38220.46
688009.SH,2022-04-08,4.0,4.02,3.93,3.99,3.99,0.0,0.0,95156.66,42884.786
688009.SH,2022-04-11,3.99,4.0,3.91,3.91,3.99,-0.08000000000000007,-2.01,105278.14,47148.044
688009.SH,2022-04-12,3.9,3.99,3.89,3.99,3.91,0.08000000000000007,2.05,101507.35,45283.02
688009.SH,2022-04-13,3.97,3.98,3.91,3.91,3.99,-0.08000000000000007,-2.01,90966.58,40762.815
688009.SH,2022-04-14,3.94,3.96,3.91,3.94,3.91,0.029999999999999805,0.77,72484.01,32414.823
688009.SH,2022-04-15,3.93,3.95,3.91,3.92,3.94,-0.020000000000000018,-0.51,69998.93,31184.437
688009.SH,2022-04-18,3.93,3.94,3.9,3.92,3.92,0.0,0.0,60449.9,26891.885
688009.SH,2022-04-19,3.91,3.93,3.9,3.91,3.92,-0.009999999999999787,-0.26,58899.58,26158.457
688009.SH,2022-04-20,3.91,3.93,3.89,3.91,3.91,0.0,0.0,71321.81,31652.917
688009.SH,2022-04-21,3.91,3.91,3.82,3.84,3.91,-0.07000000000000028,-1.79,107633.21,47067.336
688009.SH,2022-04-22,3.83,3.88,3.79,3.84,3.84,0.0,0.0,83326.16,36206.707
688009.SH,2022-04-25,3.81,3.84,3.67,3.68,3.84,-0.1599999999999997,-4.17,183008.08,78139.847
688009.SH,2022-04-26,3.69,3.73,3.61,3.63,3.68,-0.050000000000000266,-1.36,124073.01,51734.52
688009.SH,2022-04-27,3.61,3.68,3.6,3.66,3.63,0.03000000000000025,0.83,146298.08,60387.159
688009.SH,2022-04-28,3.67,3.79,3.64,3.72,3.66,0.06000000000000005,1.64,176246.04,74785.697
688009.SH,2022-04-29,3.74,3.84,3.73,3.81,3.72,0.08999999999999986,2.42,127469.55,54832.183
688009.SH,2022-05-05,3.82,3.91,3.8,3.89,3.81,0.08000000000000007,2.1,148567.06,65129.552
688009.SH,2022-05-06,3.84,3.86,3.8,3.81,3.89,-0.08000000000000007,-2.06,103833.39,45118.801
688009.SH,2022-05-09,3.82,3.88,3.81,3.84,3.81,0.029999999999999805,0.79,93511.58,40794.16
688009.SH,2022-05-10,3.8,3.88,3.79,3.87,3.84,0.03000000000000025,0.78,106354.13,46360.249
688009.SH,2022-05-11,3.85,3.9,3.84,3.86,3.87,-0.010000000000000231,-0.26,125985.99,55365.178
688009.SH,2022-05-12,3.86,3.88,3.83,3.87,3.86,0.010000000000000231,0.26,88217.14,38587.366
688009.SH,2022-05-13,3.88,3.89,3.84,3.85,3.87,-0.020000000000000018,-0.52,59183.31,25916.486
688009.SH,2022-05-16,3.88,3.89,3.84,3.85,3.85,0.0,0.0,78662.38,34463.554
688009.SH,2022-05-17,3.86,3.88,3.83,3.86,3.85,0.009999999999999787,0.26,72838.11,31830.954
688009.SH,2022-05-18,3.86,3.88,3.84,3.84,3.86,-0.020000000000000018,-0.52,64154.83,28060.143
688009.SH,2022-05-19,3.83,3.9,3.82,3.89,3.84,0.050000000000000266,1.3,124748.77,54720.999
688009.SH,2022-05-20,3.88,3.92,3.88,3.91,3.89,0.020000000000000018,0.51,118865.39,52710.038
688009.SH,2022-05-23,3.91,3.93,3.89,3.91,3.91,0.0,0.0,81373.1,36102.111
688009.SH,2022-05-24,3.91,3.92,3.82,3.84,3.91,-0.07000000000000028,-1.79,103574.01,45378.598
688009.SH,2022-05-25,3.84,3.86,3.83,3.85,3.84,0.010000000000000231,0.26,56537.46,24672.718
688009.SH,2022-05-26,3.87,3.9,3.84,3.9,3.85,0.04999999999999982,1.3,86538.24,37999.494
688009.SH,2022-05-27,3.89,3.91,3.88,3.91,3.9,0.010000000000000231,0.26,75271.26,33299.452
688009.SH,2022-05-30,3.91,3.92,3.89,3.89,3.91,-0.020000000000000018,-0.51,106569.72,47155.872
688009.SH,2022-05-31,3.9,4.08,3.88,4.02,3.89,0.12999999999999945,3.34,332387.21,150652.813
688009.SH,2022-06-01,4.0,4.02,3.97,3.99,4.02,-0.02999999999999936,-0.75,200039.11,90648.328
688009.SH,2022-06-02,3.98,4.23,3.98,4.17,3.99,0.17999999999999972,4.51,416032.69,194947.489
688009.SH,2022-06-06,4.17,4.25,4.14,4.16,4.17,-0.009999999999999787,-0.24,390880.06,185482.882
688009.SH,2022-06-07,4.14,4.17,4.06,4.1,4.16,-0.0600000000000005,-1.44,253991.7,118189.417
688009.SH,2022-06-08,4.09,4.1,3.99,4.05,4.1,-0.04999999999999982,-1.22,258131.59,118395.976
688009.SH,2022-06-09,4.06,4.07,3.99,4.02,4.05,-0.03000000000000025,-0.74,202962.03,92618.498
688009.SH,2022-06-10,4.01,4.19,3.98,4.19,4.02,0.17000000000000082,4.23,604239.73,279766.283
688009.SH,2022-06-13,4.12,4.14,4.06,4.1,4.19,-0.09000000000000075,-2.15,304936.46,141746.374
688009.SH,2022-06-14,4.06,4.18,4.05,4.16,4.1,0.0600000000000005,1.46,246178.25,114731.122
688009.SH,2022-06-15,4.14,4.22,4.14,4.14,4.16,-0.020000000000000462,-0.48,279983.51,132844.267
688009.SH,2022-06-16,4.18,4.19,4.12,4.13,4.14,-0.009999999999999787,-0.24,187951.57,88434.076
688009.SH,2022-06-17,4.12,4.14,4.06,4.14,4.13,0.009999999999999787,0.24,151869.66,70758.589
688009.SH,2022-06-20,4.11,4.14,4.08,4.08,4.14,-0.05999999999999961,-1.45,131358.64,61057.482
688009.SH,2022-06-21,4.1,4.12,4.06,4.08,4.08,0.0,0.0,116881.62,54142.429
688009.SH,2022-06-22,4.09,4.09,3.99,3.99,4.08,-0.08999999999999986,-2.21,150454.62,68693.758
688009.SH,2022-06-23,4.0,4.06,3.99,4.03,3.99,0.040000000000000036,1.0,117947.1,53772.275
688009.SH,2022-06-24,4.05,4.06,4.01,4.04,4.03,0.009999999999999787,0.25,93870.24,42951.308
688009.SH,2022-06-27,4.03,4.07,4.02,4.02,4.04,-0.020000000000000462,-0.5,113605.47,52122.346
688009.SH,2022-06-28,4.02,4.06,4.01,4.05,4.02,0.03000000000000025,0.75,108916.46,49891.269
688009.SH,2022-06-29,4.06,4.09,3.99,4.01,4.05,-0.040000000000000036,-0.99,134297.24,61574.771
688009.SH,2022-06-30,4.01,4.04,3.99,3.99,4.01,-0.019999999999999574,-0.5,139883.54,63663.966
688009.SH,2022-07-01,4.01,4.01,3.97,3.98,3.99,-0.010000000000000231,-0.25,106099.89,48036.996
688009.SH,2022-07-04,3.98,3.98,3.93,3.94,3.98,-0.040000000000000036,-1.01,131604.14,58943.813
688009.SH,2022-07-05,3.95,3.98,3.89,3.91,3.94,-0.029999999999999805,-0.76,123774.38,55210.03
688009.SH,2022-07-06,3.91,3.92,3.86,3.89,3.91,-0.020000000000000018,-0.51,126282.98,55595.647
688009.SH,2022-07-07,3.89,3.91,3.88,3.88,3.89,-0.010000000000000231,-0.26,82896.66,36618.563
688009.SH,2022-07-08,3.88,3.91,3.87,3.89,3.88,0.010000000000000231,0.26,83554.8,36976.452
688009.SH,2022-07-11,3.89,3.91,3.88,3.9,3.89,0.009999999999999787,0.26,97662.99,43145.278
688009.SH,2022-07-12,3.9,3.94,3.87,3.89,3.9,-0.009999999999999787,-0.26,123144.4,54540.148
688009.SH,2022-07-13,3.91,3.92,3.91,3.91,3.89,0.020000000000000018,0.51,82484.18,36619.117
688009.SH,2022-07-14,3.91,3.94,3.9,3.91,3.91,0.0,0.0,92133.4,40933.899
688009.SH,2022-07-15,3.91,3.94,3.88,3.88,3.91,-0.03000000000000025,-0.77,89818.88,39708.88
688009.SH,2022-07-18,3.89,3.96,3.88,3.95,3.88,0.07000000000000028,1.8,141587.87,63277.406
688009.SH,2022-07-19,4.01,4.01,3.97,3.98,3.95,0.029999999999999805,0.76,117290.69,50963.31
688009.SH,2022-07-20,4.0,4.06,3.99,4.04,3.98,0.06000000000000005,1.51,114467.48,50316.003
688009.SH,2022-07-21,4.03,4.07,4.01,4.03,4.04,-0.009999999999999787,-0.25,96298.46,42428.864
688009.SH,2022-07-22,4.06,4.06,3.98,4.03,4.03,0.0,0.0,95865.11,42032.684
688009.SH,2022-07-25,4.03,4.05,4.0,4.01,4.03,-0.020000000000000462,-0.5,91420.27,40123.354
688009.SH,2022-07-26,4.0,4.05,4.0,4.04,4.01,0.03000000000000025,0.75,63266.32,27823.306
688009.SH,2022-07-27,4.05,4.05,4.01,4.03,4.04,-0.009999999999999787,-0.25,58436.87,25699.597
688009.SH,2022-07-28,4.03,4.06,4.02,4.05,4.03,0.019999999999999574,0.5,95040.01,41981.928
688009.SH,2022-07-29,4.06,4.06,4.01,4.02,4.05,-0.03000000000000025,-0.74,85899.12,37849.28
688009.SH,2022-08-01,4.0,4.05,4.0,4.05,4.02,0.03000000000000025,0.75,88356.19,38922.703
688009.SH,2022-08-02,4.03,4.03,3.89,3.99,4.05,-0.05999999999999961,-1.48,229410.77,99271.912
688009.SH,2022-08-03,3.98,4.03,3.96,3.96,3.99,-0.03000000000000025,-0.75,110873.41,48382.259
688009.SH,2022-08-04,3.96,3.99,3.92,3.95,3.96,-0.009999999999999787,-0.25,79434.56,34272.373
688009.SH,2022-08-05,3.97,4.07,3.93,4.06,3.95,0.10999999999999943,2.78,164185.54,71837.001
688009.SH,2022-08-08,4.07,4.07,4.03,4.04,4.06,-0.019999999999999574,-0.49,93922.9,41510.266
688009.SH,2022-08-09,4.06,4.06,4.01,4.03,4.04,-0.009999999999999787,-0.25,81371.53,35748.794
688009.SH,2022-08-10,4.01,4.05,4.01,4.02,4.03,-0.010000000000000675,-0.25,60909.43,26755.33
688009.SH,2022-08-11,4.03,4.08,4.02,4.08,4.02,0.0600000000000005,1.49,104247.15,46149.135
688009.SH,2022-08-12,4.07,4.09,4.05,4.07,4.08,-0.009999999999999787,-0.25,97484.51,43339.764
688009.SH,2022-08-15,4.08,4.09,4.05,4.06,4.07,-0.010000000000000675,-0.25,74399.57,33031.678
688009.SH,2022-08-16,4.08,4.08,4.04,4.05,4.06,-0.009999999999999787,-0.25,67702.53,30010.581
688009.SH,2022-08-17,4.07,4.07,4.03,4.06,4.05,0.009999999999999787,0.25,63970.8,28262.647
688009.SH,2022-08-18,4.06,4.07,4.02,4.04,4.06,-0.019999999999999574,-0.49,79400.26,35008.443
688009.SH,2022-08-19,4.05,4.07,4.03,4.04,4.04,0.0,0.0,100321.65,44398.325
688009.SH,2022-08-22,4.04,4.06,4.02,4.06,4.04,0.019999999999999574,0.5,83770.01,36969.904
688009.SH,2022-08-23,4.06,4.06,4.02,4.02,4.06,-0.040000000000000036,-0.99,59188.15,26039.268
688009.SH,2022-08-24,4.04,4.04,3.95,3.95,4.02,-0.0699999999999994,-1.74,117990.84,51291.479
688009.SH,2022-08-25,3.96,3.98,3.94,3.96,3.95,0.009999999999999787,0.25,89492.31,38601.668
688009.SH,2022-08-26,3.98,4.0,3.95,3.99,3.96,0.03000000000000025,0.76,86529.28,37576.776
688009.SH,2022-08-29,3.97,4.02,3.96,4.0,3.99,0.009999999999999787,0.25,76224.41,33163.798
688009.SH,2022-08-30,4.03,4.07,4.01,4.07,4.0,0.07000000000000028,1.75,148810.8,65780.632
688009.SH,2022-08-31,4.05,4.09,4.03,4.06,4.07,-0.010000000000000675,-0.25,139215.37,61635.913
688009.SH,2022-09-01,4.03,4.06,3.97,3.97,4.06,-0.08999999999999941,-2.22,111600.87,48854.577
688009.SH,2022-09-02,4.0,4.05,3.99,4.04,3.97,0.06999999999999984,1.76,106081.19,46646.659
688009.SH,2022-09-05,4.05,4.06,4.01,4.04,4.04,0.0,0.0,79183.68,34864.773
688009.SH,2022-09-06,4.06,4.07,4.03,4.06,4.04,0.019999999999999574,0.5,88813.05,39287.071
688009.SH,2022-09-07,4.06,4.07,4.03,4.06,4.06,0.0,0.0,68321.41,30182.616
688009.SH,2022-09-08,4.07,4.07,4.04,4.07,4.06,0.010000000000000675,0.25,97429.06,43178.422
688009.SH,2022-09-09,4.07,4.1,4.04,4.09,4.07,0.019999999999999574,0.49,156695.86,69708.193
688009.SH,2022-09-13,4.09,4.1,4.05,4.07,4.09,-0.019999999999999574,-0.49,103687.79,46092.992
688009.SH,2022-09-14,4.03,4.06,4.01,4.02,4.07,-0.05000000000000071,-1.23,93735.43,41200.368
688009.SH,2022-09-15,4.03,4.05,4.0,4.0,4.02,-0.019999999999999574,-0.5,113306.55,49741.382
688009.SH,2022-09-16,4.0,4.02,3.89,3.89,4.0,-0.10999999999999988,-2.75,158074.72,68115.098
688009.SH,2022-09-19,3.91,3.92,3.85,3.85,3.89,-0.040000000000000036,-1.03,94167.2,39918.692
688009.SH,2022-09-20,3.88,3.89,3.84,3.85,3.85,0.0,0.0,86272.79,36385.025
688009.SH,2022-09-21,3.85,3.89,3.81,3.89,3.85,0.040000000000000036,1.04,76521.91,32187.229
688009.SH,2022-09-22,3.87,3.89,3.85,3.85,3.89,-0.040000000000000036,-1.03,73646.48,31118.645
688009.SH,2022-09-23,3.89,3.91,3.83,3.89,3.85,0.040000000000000036,1.04,101890.18,43146.691
688009.SH,2022-09-26,3.87,3.89,3.82,3.83,3.89,-0.06000000000000005,-1.54,97019.6,40721.38
688009.SH,2022-09-27,3.84,3.88,3.82,3.87,3.83,0.040000000000000036,1.04,67658.02,28397.597
688009.SH,2022-09-28,3.87,3.87,3.8,3.82,3.87,-0.050000000000000266,-1.29,95361.26,39877.942
688009.SH,2022-09-29,3.82,3.87,3.78,3.78,3.82,-0.040000000000000036,-1.05,76885.47,32064.668
688009.SH,2022-09-30,3.78,3.84,3.78,3.8,3.78,0.020000000000000018,0.53,75669.25,31508.24
688009.SH,2022-10-10,3.78,3.89,3.78,3.8,3.8,0.0,0.0,89093.69,37318.842
688009.SH,2022-10-11,3.82,3.87,3.81,3.87,3.8,0.07000000000000028,1.84,82548.06,34695.036
688009.SH,2022-10-12,3.87,3.94,3.85,3.92,3.87,0.04999999999999982,1.29,103809.29,44113.316
688009.SH,2022-10-13,3.92,3.96,3.89,3.95,3.92,0.03000000000000025,0.77,99549.91,42713.095
688009.SH,2022-10-14,3.97,3.99,3.95,3.96,3.95,0.009999999999999787,0.25,94990.31,41202.554
688009.SH,2022-10-17,3.94,4.03,3.94,4.0,3.96,0.040000000000000036,1.01,118694.5,51892.258
688009.SH,2022-10-18,4.04,4.04,3.97,3.99,4.0,-0.009999999999999787,-0.25,88324.64,38510.96
688009.SH,2022-10-19,3.99,4.01,3.97,3.98,3.99,-0.010000000000000231,-0.25,74352.17,32369.855
688009.SH,2022-10-20,3.96,4.02,3.96,4.0,3.98,0.020000000000000018,0.5,98590.44,43024.655
688009.SH,2022-10-21,4.0,4.05,4.0,4.04,4.0,0.040000000000000036,1.0,124195.67,54707.318
688009.SH,2022-10-24,4.03,4.09,3.96,4.0,4.04,-0.040000000000000036,-0.99,145345.19,63915.284
688009.SH,2022-10-25,4.02,4.03,3.97,4.01,4.0,0.009999999999999787,0.25,99583.67,43508.767
688009.SH,2022-10-26,3.99,4.08,3.99,4.06,4.01,0.04999999999999982,1.25,137065.23,60639.417
688009.SH,2022-10-27,4.08,4.09,4.03,4.04,4.06,-0.019999999999999574,-0.49,123990.58,54875.953
688009.SH,2022-10-28,4.05,4.06,3.95,3.95,4.04,-0.08999999999999986,-2.23,136075.8,59363.075
688009.SH,2022-10-31,4.07,4.22,4.06,4.15,3.95,0.20000000000000018,5.06,403107.36,182340.24
688009.SH,2022-11-01,4.13,4.18,4.1,4.17,4.15,0.019999999999999574,0.48,260477.73,117445.693
688009.SH,2022-11-02,4.17,4.18,4.12,4.15,4.17,-0.019999999999999574,-0.48,161858.51,73296.924
688009.SH,2022-11-03,4.14,4.18,4.11,4.16,4.15,0.009999999999999787,0.24,137741.32,62243.388
688009.SH,2022-11-04,4.16,4.22,4.16,4.19,4.16,0.03000000000000025,0.72,151828.98,69375.525
688009.SH,2022-11-07,4.19,4.2,4.14,4.14,4.19,-0.05000000000000071,-1.19,144268.8,65558.319
688009.SH,2022-11-08,4.17,4.17,4.11,4.14,4.14,0.0,0.0,122557.42,55206.177
688009.SH,2022-11-09,4.14,4.16,4.11,4.13,4.14,-0.009999999999999787,-0.24,88999.12,40210.815
688009.SH,2022-11-10,4.11,4.15,4.1,4.13,4.13,0.0,0.0,100420.58,45285.493
688009.SH,2022-11-11,4.18,4.2,4.15,4.17,4.13,0.040000000000000036,0.97,173183.4,78943.001
688009.SH,2022-11-14,4.17,4.22,4.17,4.2,4.17,0.03000000000000025,0.72,183803.61,84333.692
688009.SH,2022-11-15,4.21,4.22,4.16,4.18,4.2,-0.020000000000000462,-0.48,166819.76,76311.927
688009.SH,2022-11-16,4.18,4.22,4.17,4.17,4.18,-0.009999999999999787,-0.24,95730.62,43770.531
688009.SH,2022-11-17,4.17,4.22,4.16,4.21,4.17,0.040000000000000036,0.96,126080.19,57563.995
688009.SH,2022-11-18,4.2,4.22,4.18,4.18,4.21,-0.03000000000000025,-0.71,126932.85,58174.397
688009.SH,2022-11-21,4.19,4.19,4.13,4.14,4.18,-0.040000000000000036,-0.96,108189.97,49024.474
688009.SH,2022-11-22,4.14,4.34,4.14,4.22,4.14,0.08000000000000007,1.93,318637.41,147386.73
688009.SH,2022-11-23,4.2,4.36,4.18,4.29,4.22,0.07000000000000028,1.66,434201.15,203549.984
688009.SH,2022-11-24,4.25,4.28,4.17,4.18,4.29,-0.11000000000000032,-2.56,255619.28,117632.736
688009.SH,2022-11-25,4.2,4.32,4.18,4.29,4.18,0.11000000000000032,2.63,279962.54,130344.224
688009.SH,2022-11-28,4.26,4.28,4.22,4.26,4.29,-0.03000000000000025,-0.7,198955.89,92204.664
688009.SH,2022-11-29,4.26,4.33,4.24,4.31,4.26,0.04999999999999982,1.17,214559.52,100532.646
688009.SH,2022-11-30,4.3,4.33,4.27,4.31,4.31,0.0,0.0,308930.59,145019.993
688009.SH,2022-12-01,4.29,4.34,4.28,4.28,4.31,-0.02999999999999936,-0.7,157682.86,74237.965
688009.SH,2022-12-02,4.27,4.29,4.24,4.28,4.28,0.0,0.0,129445.37,60293.229
688009.SH,2022-12-05,4.31,4.48,4.3,4.44,4.28,0.16000000000000014,3.74,557141.71,268670.741
688009.SH,2022-12-06,4.4,4.49,4.4,4.44,4.44,0.0,0.0,314189.3,152526.755
688009.SH,2022-12-07,4.44,4.44,4.37,4.39,4.44,-0.05000000000000071,-1.13,191055.76,91729.731
688009.SH,2022-12-08,4.4,4.41,4.32,4.34,4.39,-0.04999999999999982,-1.14,181094.76,85944.461
688009.SH,2022-12-09,4.35,4.4,4.33,4.39,4.34,0.04999999999999982,1.15,279036.67,133136.282
688009.SH,2022-12-12,4.4,4.4,4.32,4.33,4.39,-0.05999999999999961,-1.37,181117.18,85735.366
688009.SH,2022-12-13,4.33,4.36,4.32,4.34,4.33,0.009999999999999787,0.23,130892.95,62050.291
688009.SH,2022-12-14,4.34,4.35,4.31,4.32,4.34,-0.019999999999999574,-0.46,107207.3,50574.929
688009.SH,2022-12-15,4.32,4.33,4.27,4.3,4.32,-0.020000000000000462,-0.46,106786.52,50039.434
688009.SH,2022-12-16,4.27,4.46,4.27,4.44,4.3,0.14000000000000057,3.26,378030.59,181815.743
688009.SH,2022-12-19,4.42,4.46,4.31,4.34,4.44,-0.10000000000000053,-2.25,241781.21,115849.471
688009.SH,2022-12-20,4.37,4.44,4.33,4.41,4.34,0.07000000000000028,1.61,211010.97,101146.253
688009.SH,2022-12-21,4.4,4.43,4.35,4.38,4.41,-0.03000000000000025,-0.68,84074.51,40296.124
688009.SH,2022-12-22,4.35,4.4,4.25,4.28,4.38,-0.09999999999999964,-2.28,115495.7,54425.976
688009.SH,2022-12-23,4.3,4.36,4.27,4.35,4.28,0.0699999999999994,1.64,119066.51,56134.035
688009.SH,2022-12-26,4.33,4.43,4.33,4.41,4.35,0.0600000000000005,1.38,122766.6,58925.944
688009.SH,2022-12-27,4.44,4.46,4.41,4.42,4.41,0.009999999999999787,0.23,150552.21,72940.193
688009.SH,2022-12-28,4.44,4.44,4.4,4.42,4.42,0.0,0.0,75165.62,36268.068
688009.SH,2022-12-29,4.4,4.43,4.33,4.34,4.42,-0.08000000000000007,-1.81,88567.02,42175.52
688009.SH,2022-12-30,4.36,4.42,4.35,4.39,4.34,0.04999999999999982,1.15,77587.0,37192.663
688009.SH,2023-01-03,4.39,4.44,4.38,4.43,4.39,0.040000000000000036,0.91,129357.63,62485.356
688009.SH,2023-01-04,4.44,4.44,4.39,4.43,4.43,0.0,0.0,120529.12,58185.209
688009.SH,2023-01-05,4.43,4.43,4.36,4.36,4.43,-0.0699999999999994,-1.58,147463.33,70433.578
688009.SH,2023-01-06,4.38,4.39,4.3,4.31,4.36,-0.05000000000000071,-1.15,164922.51,77863.174
688009.SH,2023-01-09,4.33,4.33,4.29,4.29,4.31,-0.019999999999999574,-0.46,93962.68,44183.911
688009.SH,2023-01-10,4.29,4.31,4.28,4.3,4.29,0.009999999999999787,0.23,69469.57,32536.049
688009.SH,2023-01-11,4.3,4.3,4.25,4.25,4.3,-0.04999999999999982,-1.16,111319.86,51901.305
688009.SH,2023-01-12,4.26,4.27,4.2,4.22,4.25,-0.03000000000000025,-0.71,123558.34,56982.718
688009.SH,2023-01-13,4.23,4.31,4.23,4.29,4.22,0.07000000000000028,1.66,94028.7,43800.336
688009.SH,2023-01-16,4.29,4.34,4.28,4.33,4.29,0.040000000000000036,0.93,124824.7,58932.679
688009.SH,2023-01-17,4.32,4.35,4.32,4.33,4.33,0.0,0.0,75133.69,35521.917
688009.SH,2023-01-18,4.33,4.37,4.33,4.35,4.33,0.019999999999999574,0.46,85727.25,40756.919
688009.SH,2023-01-19,4.36,4.4,4.33,4.4,4.35,0.05000000000000071,1.15,100116.52,47824.943
688009.SH,2023-01-20,4.42,4.45,4.41,4.44,4.4,0.040000000000000036,0.91,151165.03,73172.363
688009.SH,2023-01-30,4.45,4.48,4.43,4.43,4.44,-0.010000000000000675,-0.23,198275.6,96339.747
688009.SH,2023-01-31,4.44,4.47,4.41,4.44,4.43,0.010000000000000675,0.23,115362.32,55846.18
688009.SH,2023-02-01,4.43,4.46,4.43,4.44,4.44,0.0,0.0,113238.51,54968.622
688009.SH,2023-02-02,4.45,4.47,4.45,4.45,4.44,0.009999999999999787,0.23,111993.14,54546.36
688009.SH,2023-02-03,4.44,4.47,4.42,4.45,4.45,0.0,0.0,103265.77,50008.073
688009.SH,2023-02-06,4.46,4.5,4.44,4.46,4.45,0.009999999999999787,0.22,112951.96,55160.121
688009.SH,2023-02-07,4.46,4.5,4.45,4.49,4.46,0.03000000000000025,0.67,117310.52,57344.185
688009.SH,2023-02-08,4.51,4.52,4.45,4.46,4.49,-0.03000000000000025,-0.67,82559.98,40383.078
688009.SH,2023-02-09,4.45,4.51,4.45,4.51,4.46,0.04999999999999982,1.12,128345.51,63008.896
688009.SH,2023-02-10,4.5,4.65,4.5,4.58,4.51,0.07000000000000028,1.55,260876.52,130770.986
688009.SH,2023-02-13,4.58,4.61,4.55,4.57,4.58,-0.009999999999999787,-0.22,136419.4,68285.387
688009.SH,2023-02-14,4.58,4.6,4.55,4.57,4.57,0.0,0.0,92816.89,46277.744
688009.SH,2023-02-15,4.58,4.59,4.55,4.55,4.57,-0.020000000000000462,-0.44,98570.4,49027.338
688009.SH,2023-02-16,4.56,4.57,4.46,4.5,4.55,-0.04999999999999982,-1.1,151453.59,74901.433
688009.SH,2023-02-17,4.5,4.55,4.49,4.53,4.5,0.03000000000000025,0.67,97758.31,48338.093
688009.SH,2023-02-20,4.52,4.59,4.51,4.56,4.53,0.02999999999999936,0.66,163054.58,81171.321
688009.SH,2023-02-21,4.57,4.59,4.55,4.58,4.56,0.020000000000000462,0.44,90135.34,44987.77
688009.SH,2023-02-22,4.57,4.59,4.55,4.58,4.58,0.0,0.0,84384.81,42120.661
688009.SH,2023-02-23,4.61,4.63,4.58,4.59,4.58,0.009999999999999787,0.22,119552.47,60132.742
688009.SH,2023-02-24,4.59,4.61,4.55,4.59,4.59,0.0,0.0,85810.76,42912.908
688009.SH,2023-02-27,4.6,4.63,4.56,4.58,4.59,-0.009999999999999787,-0.22,135300.26,67905.565
688009.SH,2023-02-28,4.6,4.69,4.59,4.68,4.58,0.09999999999999964,2.18,262303.13,133258.483
688009.SH,2023-03-01,4.68,4.98,4.66,4.89,4.68,0.20999999999999996,4.49,715282.82,380514.363
688009.SH,2023-03-02,4.89,4.97,4.88,4.94,4.89,0.05000000000000071,1.02,391474.83,210677.486
688009.SH,2023-03-03,4.93,5.1,4.89,5.05,4.94,0.10999999999999943,2.23,542754.47,297992.111
688009.SH,2023-03-06,5.05,5.16,5.05,5.1,5.05,0.04999999999999982,0.99,411486.75,229132.938
688009.SH,2023-03-07,5.09,5.16,4.99,5.02,5.1,-0.08000000000000007,-1.57,566375.74,314465.579
688009.SH,2023-03-08,5.0,5.0,4.94,4.98,5.02,-0.03999999999999915,-0.8,267017.96,144851.115
688009.SH,2023-03-09,4.98,4.99,4.92,4.96,4.98,-0.020000000000000462,-0.4,169443.66,91495.004
688009.SH,2023-03-10,4.93,4.98,4.88,4.9,4.96,-0.05999999999999961,-1.21,179724.86,96521.081
688009.SH,2023-03-13,4.88,4.99,4.88,4.97,4.9,0.0699999999999994,1.43,218624.83,118028.813
688009.SH,2023-03-14,4.98,5.04,4.94,5.0,4.97,0.03000000000000025,0.6,281868.53,153705.642
688009.SH,2023-03-15,5.02,5.13,4.99,5.08,5.0,0.08000000000000007,1.6,357218.52,197553.933
688009.SH,2023-03-16,5.06,5.1,4.99,5.02,5.08,-0.0600000000000005,-1.18,234866.01,129292.213
688009.SH,2023-03-17,5.05,5.18,5.02,5.12,5.02,0.10000000000000053,1.99,374541.09,209508.925
688009.SH,2023-03-20,5.13,5.23,5.06,5.09,5.12,-0.03000000000000025,-0.59,391698.13,220068.686
688009.SH,2023-03-21,5.09,5.13,4.99,5.02,5.09,-0.07000000000000028,-1.38,282279.96,155346.059
688009.SH,2023-03-22,5.05,5.08,4.99,5.05,5.02,0.03000000000000025,0.6,174515.68,96148.881
688009.SH,2023-03-23,5.05,5.09,4.97,5.09,5.05,0.040000000000000036,0.79,238114.65,130999.271
688009.SH,2023-03-24,5.1,5.11,5.01,5.02,5.09,-0.07000000000000028,-1.38,194120.35,106895.369
688009.SH,2023-03-27,5.04,5.32,5.03,5.15,5.02,0.13000000000000078,2.59,648358.88,369169.801
688009.SH,2023-03-28,5.12,5.2,4.96,4.99,5.15,-0.16000000000000014,-3.11,474270.0,260849.847
688009.SH,2023-03-29,5.02,5.05,4.95,4.97,4.99,-0.020000000000000462,-0.4,318036.45,172747.24
688009.SH,2023-03-30,4.99,4.99,4.88,4.97,4.97,0.0,0.0,266877.48,143927.223
688009.SH,2023-03-31,4.95,4.99,4.93,4.97,4.97,0.0,0.0,216358.02,117374.318
688009.SH,2023-04-03,4.99,5.09,4.95,4.99,4.97,0.020000000000000462,0.4,253039.28,138086.989
688009.SH,2023-04-04,4.98,5.27,4.97,5.21,4.99,0.21999999999999975,4.41,618011.57,347636.809
688009.SH,2023-04-06,5.21,5.23,5.1,5.13,5.21,-0.08000000000000007,-1.54,301509.87,169061.183
688009.SH,2023-04-07,5.12,5.16,5.07,5.09,5.13,-0.040000000000000036,-0.78,239776.11,133454.63
688009.SH,2023-04-10,5.1,5.14,5.06,5.06,5.09,-0.03000000000000025,-0.59,211751.57,117633.724
688009.SH,2023-04-11,5.07,5.1,5.02,5.06,5.06,0.0,0.0,213744.12,117617.508
688009.SH,2023-04-12,5.05,5.19,5.05,5.12,5.06,0.0600000000000005,1.19,262208.9,146827.897
688009.SH,2023-04-13,5.1,5.13,5.08,5.1,5.12,-0.020000000000000462,-0.39,213536.13,118946.742
688009.SH,2023-04-14,5.14,5.25,5.11,5.21,5.1,0.11000000000000032,2.16,366116.99,207772.88
688009.SH,2023-04-17,5.23,5.4,5.18,5.36,5.21,0.15000000000000036,2.88,631150.23,366056.181
688009.SH,2023-04-18,5.34,5.4,5.27,5.34,5.36,-0.020000000000000462,-0.37,424013.85,246964.715
688009.SH,2023-04-19,5.36,5.53,5.33,5.43,5.34,0.08999999999999986,1.69,703391.28,418994.961
688009.SH,2023-04-20,5.44,5.93,5.43,5.89,5.43,0.45999999999999996,8.47,1721474.5,1087619.967
688009.SH,2023-04-21,5.93,6.25,5.89,6.01,5.89,0.1200000000000001,2.04,1701292.51,1130329.091
688009.SH,2023-04-24,6.09,6.14,5.91,5.93,6.01,-0.08000000000000007,-1.33,1116032.2,732805.062
688009.SH,2023-04-25,5.93,6.23,5.91,6.15,5.93,0.22000000000000064,3.71,1214490.69,809476.868
688009.SH,2023-04-26,6.07,6.12,5.74,5.75,6.15,-0.40000000000000036,-6.5,1305054.16,839285.217
688009.SH,2023-04-27,5.8,5.94,5.76,5.8,5.75,0.04999999999999982,0.87,698826.86,445969.21
688009.SH,2023-04-28,5.82,6.06,5.8,5.98,5.8,0.1800000000000006,3.1,699038.92,451726.802
688009.SH,2023-05-04,5.92,5.95,5.67,5.72,5.98,-0.2600000000000007,-4.35,1165637.47,733065.829
688009.SH,2023-05-05,5.72,5.85,5.65,5.7,5.72,-0.019999999999999574,-0.35,610137.48,381615.502
688009.SH,2023-05-08,5.71,5.77,5.62,5.7,5.7,0.0,0.0,666102.0,414085.608
688009.SH,2023-05-09,5.75,5.84,5.62,5.65,5.7,-0.04999999999999982,-0.88,653744.69,408203.277
688009.SH,2023-05-10,5.62,5.63,5.39,5.44,5.65,-0.20999999999999996,-3.72,957468.02,569815.698
688009.SH,2023-05-11,5.47,5.52,5.36,5.43,5.44,-0.010000000000000675,-0.18,430577.06,254601.648
688009.SH,2023-05-12,5.39,5.41,5.32,5.34,5.43,-0.08999999999999986,-1.66,383368.45,224215.993
688009.SH,2023-05-15,5.37,5.37,5.17,5.27,5.34,-0.07000000000000028,-1.31,478614.12,272811.124
688009.SH,2023-05-16,5.3,5.3,5.19,5.25,5.27,-0.019999999999999574,-0.38,352952.12,201298.927
688009.SH,2023-05-17,5.24,5.26,5.15,5.23,5.25,-0.019999999999999574,-0.38,252775.57,143572.295
688009.SH,2023-05-18,5.26,5.32,5.21,5.29,5.23,0.05999999999999961,1.15,345012.12,198717.506
688009.SH,2023-05-19,5.28,5.29,5.19,5.27,5.29,-0.020000000000000462,-0.38,233739.68,133680.996
688009.SH,2023-05-22,5.29,5.32,5.21,5.23,5.27,-0.03999999999999915,-0.76,248375.13,142431.664
688009.SH,2023-05-23,5.23,5.3,5.16,5.17,5.23,-0.0600000000000005,-1.15,240534.35,136430.034
688009.SH,2023-05-24,5.15,5.15,5.02,5.04,5.17,-0.1299999999999999,-2.51,402673.35,222705.124
688009.SH,2023-05-25,5.05,5.12,4.99,5.09,5.04,0.04999999999999982,0.99,273588.3,150604.247
688009.SH,2023-05-26,5.09,5.16,5.05,5.13,5.09,0.040000000000000036,0.79,154735.69,86242.284
688009.SH,2023-05-29,5.12,5.35,5.12,5.32,5.13,0.1900000000000004,3.7,386401.5,223435.154
688009.SH,2023-05-30,5.37,5.62,5.27,5.46,5.32,0.13999999999999968,2.63,634357.72,380273.333
688009.SH,2023-05-31,5.45,5.54,5.41,5.46,5.46,0.0,0.0,415457.27,248824.571
688009.SH,2023-06-01,5.43,5.49,5.31,5.35,5.46,-0.11000000000000032,-2.01,324638.13,190672.405
688009.SH,2023-06-02,5.38,5.47,5.31,5.34,5.35,-0.009999999999999787,-0.19,310816.05,182457.192
688009.SH,2023-06-05,5.32,5.37,5.23,5.25,5.34,-0.08999999999999986,-1.69,270367.04,155886.247
688009.SH,2023-06-06,5.28,5.34,5.2,5.23,5.25,-0.019999999999999574,-0.38,324453.42,186403.157
688009.SH,2023-06-07,5.26,5.42,5.22,5.36,5.23,0.1299999999999999,2.49,313094.44,182775.058
688009.SH,2023-06-08,5.35,5.45,5.34,5.41,5.36,0.04999999999999982,0.93,284406.69,167587.102
688009.SH,2023-06-09,5.38,5.48,5.34,5.45,5.41,0.040000000000000036,0.74,368930.85,218384.852
688009.SH,2023-06-12,5.48,5.49,5.32,5.33,5.45,-0.1200000000000001,-2.2,290101.31,170829.601
688009.SH,2023-06-13,5.31,5.35,5.23,5.25,5.33,-0.08000000000000007,-1.5,269023.18,155090.257
688009.SH,2023-06-14,5.26,5.33,5.23,5.24,5.25,-0.009999999999999787,-0.19,173939.78,100081.606
688009.SH,2023-06-15,5.24,5.27,5.19,5.22,5.24,-0.020000000000000462,-0.38,210188.69,119787.975
688009.SH,2023-06-16,5.22,5.35,5.21,5.32,5.22,0.10000000000000053,1.92,286646.76,166247.05
688009.SH,2023-06-19,5.31,5.39,5.2,5.3,5.32,-0.020000000000000462,-0.38,344244.88,198690.589
688009.SH,2023-06-20,5.28,5.31,5.2,5.21,5.3,-0.08999999999999986,-1.7,214612.27,122621.739
688009.SH,2023-06-21,5.22,5.32,5.16,5.2,5.21,-0.009999999999999787,-0.19,215385.69,123302.392
688009.SH,2023-06-26,5.16,5.26,5.14,5.16,5.2,-0.040000000000000036,-0.77,233017.94,131951.153
688009.SH,2023-06-27,5.2,5.33,5.13,5.31,5.16,0.14999999999999947,2.91,287594.66,165808.127
688009.SH,2023-06-28,5.3,5.33,5.2,5.25,5.31,-0.05999999999999961,-1.13,191865.93,109948.903
688009.SH,2023-06-29,5.24,5.35,5.24,5.31,5.25,0.05999999999999961,1.14,170297.39,98648.032
688009.SH,2023-06-30,5.33,5.36,5.29,5.31,5.31,0.0,0.0,161726.72,94077.563
688009.SH,2023-07-03,5.34,5.52,5.32,5.46,5.31,0.15000000000000036,2.82,314895.7,187356.228
688009.SH,2023-07-04,5.46,5.5,5.36,5.37,5.46,-0.08999999999999986,-1.65,194691.18,114770.014
688009.SH,2023-07-05,5.37,5.42,5.34,5.38,5.37,0.009999999999999787,0.19,146580.3,86120.067
688009.SH,2023-07-06,5.4,5.45,5.36,5.41,5.38,0.03000000000000025,0.56,142530.28,84174.465
688009.SH,2023-07-07,5.39,5.53,5.38,5.48,5.41,0.07000000000000028,1.29,267447.81,160043.487
688009.SH,2023-07-10,5.5,5.56,5.37,5.42,5.48,-0.0600000000000005,-1.09,216719.33,128535.941
688009.SH,2023-07-11,5.42,5.46,5.37,5.42,5.42,0.0,0.0,116733.52,68786.298
688009.SH,2023-07-12,5.43,5.48,5.35,5.37,5.42,-0.04999999999999982,-0.92,158265.27,93469.723
688009.SH,2023-07-13,5.39,5.43,5.34,5.39,5.37,0.019999999999999574,0.37,118751.16,69731.946
688009.SH,2023-07-14,5.41,5.44,5.36,5.39,5.39,0.0,0.0,131637.56,77439.283
688009.SH,2023-07-17,5.37,5.44,5.31,5.42,5.39,0.03000000000000025,0.56,199226.69,116548.873
688009.SH,2023-07-18,5.45,5.54,5.42,5.53,5.42,0.11000000000000032,2.03,260285.93,156275.399
688009.SH,2023-07-19,5.5,5.55,5.49,5.53,5.53,0.0,0.0,214217.07,129359.226
688009.SH,2023-07-20,5.58,5.61,5.53,5.55,5.53,0.019999999999999574,0.36,237769.53,140533.49
688009.SH,2023-07-21,5.53,5.57,5.5,5.53,5.55,-0.019999999999999574,-0.36,140522.15,82383.001
688009.SH,2023-07-24,5.51,5.56,5.48,5.52,5.53,-0.010000000000000675,-0.18,99373.93,58277.157
688009.SH,2023-07-25,5.56,5.64,5.54,5.62,5.52,0.10000000000000053,1.81,142037.34,84362.757
688009.SH,2023-07-26,5.66,5.66,5.51,5.53,5.62,-0.08999999999999986,-1.6,133485.75,78773.207
688009.SH,2023-07-27,5.55,5.58,5.51,5.51,5.53,-0.020000000000000462,-0.36,121902.52,71746.602
688009.SH,2023-07-28,5.51,5.62,5.51,5.6,5.51,0.08999999999999986,1.63,189314.53,111689.775
688009.SH,2023-07-31,5.62,5.67,5.58,5.66,5.6,0.0600000000000005,1.07,256836.39,153311.866
688009.SH,2023-08-01,5.66,5.67,5.6,5.66,5.66,0.0,0.0,138476.13,82902.756
688009.SH,2023-08-02,5.63,5.66,5.61,5.63,5.66,-0.03000000000000025,-0.53,107555.24,64243.822
688009.SH,2023-08-03,5.63,5.7,5.61,5.68,5.63,0.04999999999999982,0.89,172484.72,103556.489
688009.SH,2023-08-04,5.7,5.77,5.66,5.69,5.68,0.010000000000000675,0.18,167520.54,101667.297
688009.SH,2023-08-07,5.68,5.71,5.64,5.69,5.69,0.0,0.0,133349.62,80401.308
688009.SH,2023-08-08,5.67,5.69,5.62,5.67,5.69,-0.020000000000000462,-0.35,114955.82,68959.558
688009.SH,2023-08-09,5.66,5.67,5.61,5.64,5.67,-0.03000000000000025,-0.53,83275.55,49750.537
688009.SH,2023-08-10,5.65,5.68,5.59,5.62,5.64,-0.019999999999999574,-0.35,102077.16,60913.614
688009.SH,2023-08-11,5.64,5.68,5.52,5.54,5.62,-0.08000000000000007,-1.42,154258.78,91770.961
688009.SH,2023-08-14,5.54,5.59,5.48,5.57,5.54,0.03000000000000025,0.54,134056.3,78827.086
688009.SH,2023-08-15,5.59,5.63,5.53,5.6,5.57,0.02999999999999936,0.54,97782.43,57951.021
688009.SH,2023-08-16,5.62,5.63,5.53,5.54,5.6,-0.05999999999999961,-1.07,125399.75,74314.537
688009.SH,2023-08-17,5.54,5.65,5.51,5.63,5.54,0.08999999999999986,1.62,158277.48,93853.882
688009.SH,2023-08-18,5.7,5.75,5.64,5.67,5.63,0.040000000000000036,0.71,200908.7,121596.767
688009.SH,2023-08-21,5.66,5.73,5.51,5.52,5.67,-0.15000000000000036,-2.65,205776.65,122384.99
688009.SH,2023-08-22,5.61,5.66,5.51,5.62,5.52,0.10000000000000053,1.81,232811.68,138145.575
688009.SH,2023-08-23,5.62,5.65,5.56,5.59,5.62,-0.03000000000000025,-0.53,139840.22,83225.257
688009.SH,2023-08-24,5.57,5.61,5.07,5.08,5.59,-0.5099999999999998,-9.12,502967.92,279343.078
688009.SH,2023-08-25,5.17,5.17,4.91,4.98,5.08,-0.09999999999999964,-1.97,400732.68,212432.896
688009.SH,2023-08-28,5.25,5.32,5.1,5.11,4.98,0.1299999999999999,2.61,472687.28,261558.243
688009.SH,2023-08-29,5.12,5.32,5.11,5.28,5.11,0.16999999999999993,3.33,331353.58,183778.033
688009.SH,2023-08-30,5.34,5.44,5.29,5.34,5.28,0.05999999999999961,1.14,320017.97,181949.863
688009.SH,2023-08-31,5.33,5.38,5.27,5.29,5.34,-0.04999999999999982,-0.94,204096.07,114954.221
688009.SH,2023-09-01,5.32,5.4,5.29,5.39,5.29,0.09999999999999964,1.89,204729.64,116580.835
688009.SH,2023-09-04,5.39,5.42,5.34,5.36,5.39,-0.02999999999999936,-0.56,244831.18,139418.209
688009.SH,2023-09-05,5.34,5.38,5.32,5.34,5.36,-0.020000000000000462,-0.37,177405.15,100740.9
688009.SH,2023-09-06,5.31,5.34,5.25,5.25,5.34,-0.08999999999999986,-1.69,194568.06,109050.319
688009.SH,2023-09-07,5.27,5.32,5.19,5.19,5.25,-0.05999999999999961,-1.14,259949.08,144904.528
688009.SH,2023-09-08,5.22,5.22,5.12,5.12,5.19,-0.07000000000000028,-1.35,131932.89,72158.062
688009.SH,2023-09-11,5.15,5.29,5.15,5.18,5.12,0.05999999999999961,1.17,289921.49,160451.759
688009.SH,2023-09-12,5.19,5.2,5.16,5.18,5.18,0.0,0.0,139197.77,76445.006
688009.SH,2023-09-13,5.2,5.27,5.14,5.15,5.18,-0.02999999999999936,-0.58,173056.44,95035.276
688009.SH,2023-09-14,5.16,5.29,5.14,5.27,5.15,0.11999999999999922,2.33,243547.43,135487.818
688009.SH,2023-09-15,5.29,5.31,5.1,5.12,5.27,-0.14999999999999947,-2.85,285675.34,156726.718
688009.SH,2023-09-18,5.1,5.21,5.07,5.2,5.12,0.08000000000000007,1.56,215531.74,117846.893
688009.SH,2023-09-19,5.18,5.22,5.16,5.18,5.2,-0.020000000000000462,-0.38,142060.55,78124.05
688009.SH,2023-09-20,5.17,5.2,5.13,5.15,5.18,-0.02999999999999936,-0.58,133172.1,72924.87
688009.SH,2023-09-21,5.16,5.2,5.12,5.14,5.15,-0.010000000000000675,-0.19,132854.88,72637.855
688009.SH,2023-09-22,5.17,5.22,5.12,5.21,5.14,0.07000000000000028,1.36,199878.36,109843.034
688009.SH,2023-09-25,5.22,5.23,5.0,5.0,5.21,-0.20999999999999996,-4.03,286998.12,154252.586
688009.SH,2023-09-26,5.0,5.05,4.97,4.99,5.0,-0.009999999999999787,-0.2,189424.01,100580.065
688009.SH,2023-09-27,4.97,5.04,4.97,5.02,4.99,0.02999999999999936,0.6,165976.84,88388.045
688009.SH,2023-09-28,5.01,5.04,4.97,4.98,5.02,-0.03999999999999915,-0.8,185353.53,98193.624
688009.SH,2023-10-09,4.98,5.08,4.96,5.0,4.98,0.019999999999999574,0.4,196200.28,104222.615
688009.SH,2023-10-10,5.01,5.09,4.82,4.84,5.0,-0.16000000000000014,-3.2,323646.17,167510.042
688009.SH,2023-10-11,4.84,4.87,4.73,4.73,4.84,-0.10999999999999943,-2.27,412621.77,209583.477
688009.SH,2023-10-12,4.73,4.8,4.69,4.75,4.73,0.019999999999999574,0.42,344781.25,173664.794
688009.SH,2023-10-13,4.75,4.76,4.67,4.68,4.75,-0.07000000000000028,-1.47,213067.18,106481.571
688009.SH,2023-10-16,4.68,4.72,4.58,4.61,4.68,-0.0699999999999994,-1.5,231765.92,113646.658
688009.SH,2023-10-17,4.62,4.69,4.54,4.68,4.61,0.0699999999999994,1.52,279824.91,137773.155
688009.SH,2023-10-18,4.68,4.68,4.59,4.6,4.68,-0.08000000000000007,-1.71,149977.77,73472.49
688009.SH,2023-10-19,4.61,4.63,4.52,4.52,4.6,-0.08000000000000007,-1.74,197781.79,95646.77
688009.SH,2023-10-20,4.52,4.58,4.52,4.52,4.52,0.0,0.0,187614.44,90414.486
688009.SH,2023-10-23,4.53,4.6,4.48,4.5,4.52,-0.019999999999999574,-0.44,199379.56,96010.12
688009.SH,2023-10-24,4.52,4.55,4.45,4.5,4.5,0.0,0.0,247637.44,118189.771
688009.SH,2023-10-25,4.54,4.57,4.5,4.51,4.5,0.009999999999999787,0.22,191379.98,92087.335
688009.SH,2023-10-26,4.49,4.59,4.48,4.58,4.51,0.07000000000000028,1.55,185651.42,89433.549
688009.SH,2023-10-27,4.57,4.61,4.54,4.56,4.58,-0.020000000000000462,-0.44,188054.85,91315.326
688009.SH,2023-10-30,4.59,4.59,4.45,4.46,4.56,-0.09999999999999964,-2.19,366806.84,174416.111
688009.SH,2023-10-31,4.47,4.48,4.43,4.43,4.46,-0.03000000000000025,-0.67,171937.48,81107.442
688009.SH,2023-11-01,4.45,4.46,4.38,4.38,4.43,-0.04999999999999982,-1.13,216837.69,101634.203
688009.SH,2023-11-02,4.41,4.45,4.38,4.39,4.38,0.009999999999999787,0.23,233301.14,109274.447
688009.SH,2023-11-03,4.4,4.4,4.36,4.36,4.39,-0.02999999999999936,-0.68,251582.1,116829.863
688009.SH,2023-11-06,4.38,4.42,4.36,4.4,4.36,0.040000000000000036,0.92,324473.05,151277.165
688009.SH,2023-11-07,4.39,4.42,4.35,4.38,4.4,-0.020000000000000462,-0.45,244787.08,113672.705
688009.SH,2023-11-08,4.39,4.39,4.35,4.37,4.38,-0.009999999999999787,-0.23,280531.33,130012.579
688009.SH,2023-11-09,4.36,4.41,4.36,4.37,4.37,0.0,0.0,214089.14,99668.328
688009.SH,2023-11-10,4.36,4.41,4.28,4.36,4.37,-0.009999999999999787,-0.23,257724.25,118657.72
688009.SH,2023-11-13,4.36,4.45,4.32,4.42,4.36,0.05999999999999961,1.38,301200.68,140366.546
688009.SH,2023-11-14,4.42,4.49,4.41,4.42,4.42,0.0,0.0,247029.54,116351.32
688009.SH,2023-11-15,4.47,4.49,4.43,4.45,4.42,0.03000000000000025,0.68,177914.31,84019.335
688009.SH,2023-11-16,4.43,4.49,4.4,4.41,4.45,-0.040000000000000036,-0.9,169775.13,79911.484
688009.SH,2023-11-17,4.39,4.42,4.36,4.4,4.41,-0.009999999999999787,-0.23,155636.27,72462.786
688009.SH,2023-11-20,4.36,4.41,4.35,4.37,4.4,-0.03000000000000025,-0.68,243476.83,112756.031
688009.SH,2023-11-21,4.36,4.42,4.36,4.36,4.37,-0.009999999999999787,-0.23,223811.52,104202.48
688009.SH,2023-11-22,4.37,4.37,4.31,4.31,4.36,-0.05000000000000071,-1.15,204584.79,94170.898
688009.SH,2023-11-23,4.31,4.36,4.3,4.34,4.31,0.03000000000000025,0.7,142184.03,65318.453
688009.SH,2023-11-24,4.34,4.36,4.3,4.32,4.34,-0.019999999999999574,-0.46,139443.39,63881.731
688009.SH,2023-11-27,4.31,4.33,4.22,4.23,4.32,-0.08999999999999986,-2.08,318547.27,143597.469
688009.SH,2023-11-28,4.24,4.28,4.16,4.22,4.23,-0.010000000000000675,-0.24,365656.7,163580.162
688009.SH,2023-11-29,4.25,4.27,4.15,4.17,4.22,-0.04999999999999982,-1.18,345932.82,153372.139
688009.SH,2023-11-30,4.15,4.21,4.1,4.1,4.17,-0.07000000000000028,-1.68,408488.69,179604.45
688009.SH,2023-12-01,4.12,4.18,4.1,4.16,4.1,0.0600000000000005,1.46,337555.34,148323.464
688009.SH,2023-12-04,4.19,4.22,4.15,4.17,4.16,0.009999999999999787,0.24,271874.37,120309.482
688009.SH,2023-12-05,4.17,4.17,4.07,4.07,4.17,-0.09999999999999964,-2.4,315319.54,137166.824
688009.SH,2023-12-06,4.08,4.09,4.03,4.05,4.07,-0.020000000000000462,-0.49,316324.82,136037.746
688009.SH,2023-12-07,4.07,4.08,4.04,4.05,4.05,0.0,0.0,306407.12,131956.68
688009.SH,2023-12-08,4.05,4.19,4.03,4.17,4.05,0.1200000000000001,2.96,974190.71,427123.524
688009.SH,2023-12-11,4.15,4.18,4.03,4.18,4.17,0.009999999999999787,0.24,683667.59,297365.528
688009.SH,2023-12-12,4.17,4.2,4.13,4.16,4.18,-0.019999999999999574,-0.48,308074.15,135726.878
688009.SH,2023-12-13,4.14,4.15,4.1,4.11,4.16,-0.04999999999999982,-1.2,270186.54,118224.766
688009.SH,2023-12-14,4.11,4.16,4.11,4.12,4.11,0.009999999999999787,0.24,227401.14,99609.382
688009.SH,2023-12-15,4.11,4.14,4.08,4.09,4.12,-0.03000000000000025,-0.73,203618.85,88732.643
688009.SH,2023-12-18,4.1,4.1,4.04,4.06,4.09,-0.03000000000000025,-0.73,202900.43,87621.444
688009.SH,2023-12-19,4.05,4.06,3.99,4.02,4.06,-0.040000000000000036,-0.99,218821.87,93373.061
688009.SH,2023-12-20,4.03,4.05,3.98,3.98,4.02,-0.03999999999999959,-1.0,180104.43,76652.759
688009.SH,2023-12-21,3.97,4.01,3.94,4.0,3.98,0.020000000000000018,0.5,190393.18,80476.936
688009.SH,2023-12-22,4.0,4.02,3.96,3.98,4.0,-0.020000000000000018,-0.5,207231.39,87690.518
688009.SH,2023-12-25,3.98,4.05,3.97,4.03,3.98,0.050000000000000266,1.26,212194.49,90535.824
688009.SH,2023-12-26,4.05,4.06,4.0,4.01,4.03,-0.020000000000000462,-0.5,151599.2,64843.628
688009.SH,2023-12-27,4.03,4.1,4.0,4.07,4.01,0.0600000000000005,1.5,247979.22,106394.208
688009.SH,2023-12-28,4.07,4.13,4.03,4.12,4.07,0.04999999999999982,1.23,276496.51,120021.214
688009.SH,2023-12-29,4.11,4.16,4.1,4.13,4.12,0.009999999999999787,0.24,246093.03,107618.17
688009.SH,2024-01-02,4.14,4.18,4.12,4.14,4.13,0.009999999999999787,0.24,233301.77,102706.503
688009.SH,2024-01-03,4.15,4.18,4.12,4.15,4.14,0.010000000000000675,0.24,198768.42,87594.934
688009.SH,2024-01-04,4.15,4.15,4.07,4.1,4.15,-0.05000000000000071,-1.2,205691.8,89369.709
688009.SH,2024-01-05,4.1,4.14,4.07,4.09,4.1,-0.009999999999999787,-0.24,233834.15,101759.332
688009.SH,2024-01-08,4.09,4.09,3.99,4.0,4.09,-0.08999999999999986,-2.2,210461.36,89765.329
688009.SH,2024-01-09,3.99,4.05,3.97,4.04,4.0,0.040000000000000036,1.0,213032.06,90932.518
688009.SH,2024-01-10,4.04,4.05,3.98,4.04,4.04,0.0,0.0,245526.85,104625.771
688009.SH,2024-01-11,4.03,4.05,3.99,4.05,4.04,0.009999999999999787,0.25,166564.25,71139.212
688009.SH,2024-01-12,4.03,4.15,4.03,4.12,4.05,0.07000000000000028,1.73,321401.02,140143.577
688009.SH,2024-01-15,4.12,4.14,4.08,4.12,4.12,0.0,0.0,165741.61,72401.012
688009.SH,2024-01-16,4.11,4.18,4.09,4.17,4.12,0.04999999999999982,1.21,275271.88,121042.417
688009.SH,2024-01-17,4.16,4.17,4.07,4.08,4.17,-0.08999999999999986,-2.16,197773.15,86722.34
688009.SH,2024-01-18,4.08,4.08,3.92,4.01,4.08,-0.07000000000000028,-1.72,265379.75,111954.07
688009.SH,2024-01-19,3.99,4.03,3.96,3.98,4.01,-0.029999999999999805,-0.75,151958.0,64417.48
688009.SH,2024-01-22,3.95,3.99,3.81,3.83,3.98,-0.1499999999999999,-3.77,221764.48,91992.364
688009.SH,2024-01-23,3.83,3.87,3.8,3.82,3.83,-0.010000000000000231,-0.26,259190.55,105305.371
688009.SH,2024-01-24,3.84,3.99,3.82,3.98,3.82,0.16000000000000014,4.19,267268.35,110386.694
688009.SH,2024-01-25,4.0,4.52,3.97,4.42,3.98,0.43999999999999995,11.06,1099486.03,503766.803
688009.SH,2024-01-26,4.38,4.45,4.28,4.34,4.42,-0.08000000000000007,-1.81,679779.26,314289.07
688009.SH,2024-01-29,4.36,4.62,4.33,4.45,4.34,0.11000000000000032,2.53,870171.18,413761.923
688009.SH,2024-01-30,4.38,4.49,4.32,4.35,4.45,-0.10000000000000053,-2.25,503507.62,234855.511
688009.SH,2024-01-31,4.33,4.48,4.2,4.37,4.35,0.020000000000000462,0.46,642612.72,296411.911
688009.SH,2024-02-01,4.29,4.38,4.21,4.27,4.37,-0.10000000000000053,-2.29,460283.24,209701.485
688009.SH,2024-02-02,4.28,4.39,4.13,4.26,4.27,-0.009999999999999787,-0.23,554857.84,251841.374
688009.SH,2024-02-05,4.25,4.26,3.97,4.1,4.26,-0.16000000000000014,-3.76,629922.86,275405.212
688009.SH,2024-02-06,4.05,4.28,4.03,4.24,4.1,0.14000000000000057,3.41,532063.91,235219.887
688009.SH,2024-02-07,4.25,4.29,4.16,4.28,4.24,0.040000000000000036,0.94,538801.79,241405.017
688009.SH,2024-02-08,4.3,4.36,4.2,4.35,4.28,0.0699999999999994,1.64,482500.08,219229.105
688009.SH,2024-02-19,4.35,4.36,4.27,4.36,4.35,0.010000000000000675,0.23,432586.24,198517.613
688009.SH,2024-02-20,4.33,4.33,4.24,4.31,4.36,-0.05000000000000071,-1.15,361133.81,164221.683
688009.SH,2024-02-21,4.27,4.43,4.26,4.36,4.31,0.05000000000000071,1.16,479570.69,221724.861
688009.SH,2024-02-22,4.35,4.38,4.29,4.38,4.36,0.019999999999999574,0.46,333349.37,153366.043
688009.SH,2024-02-23,4.37,4.37,4.3,4.35,4.38,-0.03000000000000025,-0.68,317007.81,145702.301
688009.SH,2024-02-26,4.42,4.75,4.42,4.51,4.35,0.16000000000000014,3.68,905412.15,438875.681
688009.SH,2024-02-27,4.49,4.54,4.45,4.54,4.51,0.03000000000000025,0.67,399995.76,190698.505
688009.SH,2024-02-28,4.55,4.64,4.47,4.47,4.54,-0.07000000000000028,-1.54,544130.05,262838.677
688009.SH,2024-02-29,4.44,4.62,4.43,4.6,4.47,0.1299999999999999,2.91,513327.19,247847.62
688009.SH,2024-03-01,4.6,4.86,4.6,4.8,4.6,0.20000000000000018,4.35,779543.33,395443.367
688009.SH,2024-03-04,4.82,4.95,4.73,4.77,4.8,-0.03000000000000025,-0.63,630675.62,322663.88
688009.SH,2024-03-05,4.74,4.88,4.74,4.86,4.77,0.09000000000000075,1.89,510272.43,262026.243
688009.SH,2024-03-06,4.87,5.04,4.83,4.97,4.86,0.10999999999999943,2.26,538685.49,283687.472
688009.SH,2024-03-07,5.0,5.47,5.0,5.14,4.97,0.16999999999999993,3.42,1172088.81,651187.688
688009.SH,2024-03-08,5.14,5.29,5.07,5.28,5.14,0.14000000000000057,2.72,625910.7,345588.34
688009.SH,2024-03-11,5.23,5.37,5.15,5.26,5.28,-0.020000000000000462,-0.38,497810.07,275895.541
688009.SH,2024-03-12,5.24,5.29,4.96,5.0,5.26,-0.2599999999999998,-4.94,759169.61,407825.909
688009.SH,2024-03-13,4.98,5.02,4.85,4.88,5.0,-0.1200000000000001,-2.4,602172.09,313071.387
688009.SH,2024-03-14,4.92,5.05,4.89,4.93,4.88,0.04999999999999982,1.02,430564.43,227373.292
688009.SH,2024-03-15,4.93,5.02,4.88,4.99,4.93,0.0600000000000005,1.22,388274.23,204359.196
688009.SH,2024-03-18,5.02,5.27,5.0,5.14,4.99,0.14999999999999947,3.01,499242.5,273157.151
688009.SH,2024-03-19,5.14,5.16,5.04,5.09,5.14,-0.04999999999999982,-0.97,294409.31,158809.119
688009.SH,2024-03-20,5.08,5.11,5.01,5.04,5.09,-0.04999999999999982,-0.98,169580.78,90795.921
688009.SH,2024-03-21,5.05,5.07,4.95,4.96,5.04,-0.08000000000000007,-1.59,234634.92,123971.213
688009.SH,2024-03-22,4.96,5.0,4.87,4.95,4.96,-0.009999999999999787,-0.2,206219.18,108020.502
688009.SH,2024-03-25,4.94,5.01,4.91,4.91,4.95,-0.040000000000000036,-0.81,266407.74,139892.09
688009.SH,2024-03-26,4.9,5.02,4.88,5.01,4.91,0.09999999999999964,2.04,291249.74,153612.353
688009.SH,2024-03-27,5.01,5.26,5.01,5.17,5.01,0.16000000000000014,3.19,628660.11,343055.285
688009.SH,2024-03-28,5.15,5.21,5.11,5.18,5.17,0.009999999999999787,0.19,309303.73,169422.932
688009.SH,2024-03-29,5.17,5.33,5.14,5.31,5.18,0.1299999999999999,2.51,326081.43,181950.537
688009.SH,2024-04-01,5.35,5.36,5.23,5.32,5.31,0.010000000000000675,0.19,283916.0,159954.754
688009.SH,2024-04-02,5.33,5.39,5.2,5.25,5.32,-0.07000000000000028,-1.32,253234.33,141289.279
688009.SH,2024-04-03,5.23,5.34,5.19,5.24,5.25,-0.009999999999999787,-0.19,204286.47,113801.475
688009.SH,2024-04-08,5.21,5.21,5.04,5.16,5.24,-0.08000000000000007,-1.53,272757.26,148341.67
688009.SH,2024-04-09,5.12,5.17,5.08,5.15,5.16,-0.009999999999999787,-0.19,199447.28,108326.874
688009.SH,2024-04-10,5.16,5.18,5.11,5.15,5.15,0.0,0.0,244386.85,133289.228
688009.SH,2024-04-11,5.12,5.39,5.09,5.35,5.15,0.1999999999999993,3.88,422612.19,238552.472
688009.SH,2024-04-12,5.33,5.51,5.33,5.46,5.35,0.11000000000000032,2.06,408393.05,235318.156
688009.SH,2024-04-15,5.47,5.77,5.43,5.67,5.46,0.20999999999999996,3.85,562544.83,338155.49
688009.SH,2024-04-16,5.64,5.71,5.51,5.58,5.67,-0.08999999999999986,-1.59,395157.12,236151.436
688009.SH,2024-04-17,5.62,5.7,5.52,5.67,5.58,0.08999999999999986,1.61,300608.7,178759.561
688009.SH,2024-04-18,5.65,5.73,5.55,5.6,5.67,-0.07000000000000028,-1.23,320754.42,191499.747
688009.SH,2024-04-19,5.64,5.92,5.61,5.72,5.6,0.1200000000000001,2.14,455543.43,278556.507
688009.SH,2024-04-22,5.69,5.77,5.47,5.51,5.72,-0.20999999999999996,-3.67,418336.08,247385.219
688009.SH,2024-04-23,5.51,5.54,5.37,5.4,5.51,-0.10999999999999943,-2.0,355952.09,205539.959
688009.SH,2024-04-24,5.41,5.48,5.37,5.42,5.4,0.019999999999999574,0.37,282637.35,162343.942
688009.SH,2024-04-25,5.42,5.46,5.28,5.35,5.42,-0.07000000000000028,-1.29,279405.53,159698.026
688009.SH,2024-04-26,5.34,5.46,5.2,5.24,5.35,-0.10999999999999943,-2.06,575459.31,322009.301
688009.SH,2024-04-29,5.19,5.21,4.99,5.14,5.24,-0.10000000000000053,-1.91,760455.45,408190.591
688009.SH,2024-04-30,5.11,5.18,5.04,5.09,5.14,-0.04999999999999982,-0.97,391095.72,211727.367
688009.SH,2024-05-06,5.12,5.44,5.12,5.42,5.09,0.33000000000000007,6.48,539483.09,303053.453
688009.SH,2024-05-07,5.41,5.51,5.29,5.32,5.42,-0.09999999999999964,-1.85,323066.66,184634.364
688009.SH,2024-05-08,5.34,5.36,5.25,5.26,5.32,-0.0600000000000005,-1.13,175453.73,98613.125
688009.SH,2024-05-09,5.36,5.5,5.25,5.48,5.26,0.22000000000000064,4.18,372663.65,214171.367
688009.SH,2024-05-10,5.49,5.53,5.4,5.47,5.48,-0.010000000000000675,-0.18,279889.58,162369.192
688009.SH,2024-05-13,5.44,5.71,5.44,5.62,5.47,0.15000000000000036,2.74,518402.25,310116.796
688009.SH,2024-05-14,5.6,5.64,5.49,5.5,5.62,-0.1200000000000001,-2.14,250030.25,146889.558
688009.SH,2024-05-15,5.5,5.59,5.41,5.41,5.5,-0.08999999999999986,-1.64,254310.32,148763.402
688009.SH,2024-05-16,5.47,5.54,5.4,5.41,5.41,0.0,0.0,204220.7,118479.858
688009.SH,2024-05-17,5.53,5.67,5.53,5.67,5.41,0.2599999999999998,4.81,506596.67,302004.402
688009.SH,2024-05-20,5.61,5.64,5.41,5.51,5.67,-0.16000000000000014,-2.82,528219.43,307790.342
688009.SH,2024-05-21,5.48,5.56,5.46,5.54,5.51,0.03000000000000025,0.54,236541.08,138497.366
688009.SH,2024-05-22,5.51,5.54,5.33,5.37,5.54,-0.16999999999999993,-3.07,361079.52,207011.085
688009.SH,2024-05-23,5.36,5.4,5.2,5.24,5.37,-0.1299999999999999,-2.42,293988.11,164724.799
688009.SH,2024-05-24,5.22,5.41,5.21,5.3,5.24,0.05999999999999961,1.15,283915.38,160605.885
688009.SH,2024-05-27,5.29,5.38,5.26,5.36,5.3,0.0600000000000005,1.13,210818.68,119010.29
688009.SH,2024-05-28,5.35,5.4,5.25,5.27,5.36,-0.09000000000000075,-1.68,189074.94,106258.996
688009.SH,2024-05-29,5.25,5.28,5.16,5.19,5.27,-0.07999999999999918,-1.52,173957.72,96132.76
688009.SH,2024-05-30,5.17,5.18,5.1,5.12,5.19,-0.07000000000000028,-1.35,191718.83,104402.155
688009.SH,2024-05-31,5.15,5.22,5.11,5.18,5.12,0.05999999999999961,1.17,265471.52,145683.049
688009.SH,2024-06-03,5.29,5.56,5.26,5.54,5.18,0.3600000000000003,6.95,900303.59,522656.635
688009.SH,2024-06-04,5.54,5.6,5.44,5.55,5.54,0.009999999999999787,0.18,387273.73,227314.95
688009.SH,2024-06-05,5.58,5.63,5.47,5.53,5.55,-0.019999999999999574,-0.36,392541.7,231364.773
688009.SH,2024-06-06,5.51,5.66,5.49,5.52,5.53,-0.010000000000000675,-0.18,341578.12,202145.255
688009.SH,2024-06-07,5.52,5.66,5.52,5.63,5.52,0.11000000000000032,1.99,322881.48,192274.026
688009.SH,2024-06-11,5.65,5.7,5.44,5.54,5.63,-0.08999999999999986,-1.6,401782.31,236668.704
688009.SH,2024-06-12,5.53,5.66,5.51,5.63,5.54,0.08999999999999986,1.62,362499.79,215799.981
688009.SH,2024-06-13,5.64,5.71,5.56,5.63,5.63,0.0,0.0,403212.96,241096.953
688009.SH,2024-06-14,5.65,5.72,5.35,5.41,5.63,-0.21999999999999975,-3.91,1086825.87,632773.84
688009.SH,2024-06-17,5.34,5.45,5.23,5.27,5.41,-0.14000000000000057,-2.59,541604.91,305749.336
688009.SH,2024-06-18,5.29,5.41,5.19,5.36,5.27,0.09000000000000075,1.71,353846.63,199686.543
688009.SH,2024-06-19,5.38,5.41,5.34,5.36,5.36,0.0,0.0,200819.29,114652.854
688009.SH,2024-06-20,5.38,5.5,5.35,5.43,5.36,0.0699999999999994,1.31,267175.03,153599.674
688009.SH,2024-06-21,5.43,5.53,5.38,5.51,5.43,0.08000000000000007,1.47,331972.16,193320.433
688009.SH,2024-06-24,5.52,5.54,5.38,5.4,5.51,-0.10999999999999943,-2.0,311212.71,180587.982
688009.SH,2024-06-25,5.4,5.49,5.33,5.42,5.4,0.019999999999999574,0.37,270860.98,156046.748
688009.SH,2024-06-26,5.39,5.52,5.32,5.5,5.42,0.08000000000000007,1.48,243416.01,140060.878
688009.SH,2024-06-27,5.51,5.55,5.43,5.46,5.5,-0.040000000000000036,-0.73,214974.98,125040.957
688009.SH,2024-06-28,5.47,5.71,5.44,5.66,5.46,0.20000000000000018,3.66,448932.22,267790.306
688009.SH,2024-07-01,5.64,5.69,5.59,5.69,5.66,0.03000000000000025,0.53,266688.21,159866.947
688009.SH,2024-07-02,5.67,5.71,5.52,5.67,5.69,-0.020000000000000462,-0.35,362466.55,217021.97
688009.SH,2024-07-03,5.67,5.71,5.62,5.66,5.67,-0.009999999999999787,-0.18,213308.48,128233.188
688009.SH,2024-07-04,5.68,5.7,5.57,5.59,5.66,-0.07000000000000028,-1.24,233347.66,139322.892
688009.SH,2024-07-05,5.59,5.61,5.51,5.53,5.59,-0.05999999999999961,-1.07,200847.71,118073.758
688009.SH,2024-07-08,5.53,5.74,5.5,5.71,5.53,0.17999999999999972,3.25,457076.81,275518.633
688009.SH,2024-07-09,5.7,6.02,5.65,5.99,5.71,0.28000000000000025,4.9,593008.85,369484.788
688009.SH,2024-07-10,6.0,6.07,5.85,5.89,5.99,-0.10000000000000053,-1.67,293159.26,183955.259
688009.SH,2024-07-11,5.96,6.13,5.89,6.08,5.89,0.1900000000000004,3.23,444934.15,284657.499
688009.SH,2024-07-12,6.04,6.13,5.81,5.84,6.08,-0.2400000000000002,-3.95,462664.39,289571.578
688009.SH,2024-07-15,5.83,5.98,5.77,5.84,5.84,0.0,0.0,235538.46,146969.9
688009.SH,2024-07-16,5.85,5.86,5.76,5.8,5.84,-0.040000000000000036,-0.68,266641.29,164157.774
688009.SH,2024-07-17,5.79,5.81,5.69,5.76,5.8,-0.040000000000000036,-0.69,248637.76,151858.534
688009.SH,2024-07-18,5.76,5.94,5.71,5.94,5.76,0.1800000000000006,3.13,387238.82,240815.073
688009.SH,2024-07-19,5.9,5.99,5.79,5.9,5.94,-0.040000000000000036,-0.67,333933.17,208640.312
688009.SH,2024-07-22,5.9,5.94,5.77,5.85,5.9,-0.05000000000000071,-0.85,223764.49,138566.05
688009.SH,2024-07-23,5.86,5.9,5.76,5.76,5.85,-0.08999999999999986,-1.54,170295.61,105219.139
688009.SH,2024-07-24,5.76,5.86,5.71,5.83,5.76,0.07000000000000028,1.22,246713.14,152165.906
688009.SH,2024-07-25,5.83,5.84,5.64,5.69,5.83,-0.13999999999999968,-2.4,259072.37,156827.668
688009.SH,2024-07-26,5.76,5.81,5.69,5.75,5.69,0.05999999999999961,1.05,195770.57,115974.371
688009.SH,2024-07-29,5.7,5.93,5.7,5.79,5.75,0.040000000000000036,0.7,263476.81,158660.478
688009.SH,2024-07-30,5.86,5.86,5.59,5.64,5.79,-0.15000000000000036,-2.59,314105.3,183608.394
688009.SH,2024-07-31,5.64,5.71,5.58,5.67,5.64,0.03000000000000025,0.53,382821.3,222704.658
688009.SH,2024-08-01,5.68,5.92,5.67,5.79,5.67,0.1200000000000001,2.12,342422.3,206199.044
688009.SH,2024-08-02,5.79,5.9,5.72,5.76,5.79,-0.03000000000000025,-0.52,255476.84,152627.671
688009.SH,2024-08-05,5.81,5.81,5.65,5.72,5.76,-0.040000000000000036,-0.69,304070.5,179836.978
688009.SH,2024-08-06,5.72,5.76,5.63,5.67,5.72,-0.04999999999999982,-0.87,196674.52,115003.428
688009.SH,2024-08-07,5.67,5.75,5.55,5.56,5.67,-0.11000000000000032,-1.94,232972.61,135800.083
688009.SH,2024-08-08,5.55,5.68,5.53,5.61,5.56,0.05000000000000071,0.9,203598.68,117638.996
688009.SH,2024-08-09,5.64,5.68,5.6,5.63,5.61,0.019999999999999574,0.36,107694.25,62617.258
688009.SH,2024-08-12,5.65,5.65,5.47,5.49,5.63,-0.13999999999999968,-2.49,179060.47,102355.219
688009.SH,2024-08-13,5.51,5.59,5.48,5.58,5.49,0.08999999999999986,1.64,199890.47,114263.108
688009.SH,2024-08-14,5.59,5.59,5.48,5.5,5.58,-0.08000000000000007,-1.43,123848.74,70452.298
688009.SH,2024-08-15,5.52,5.65,5.45,5.63,5.5,0.1299999999999999,2.36,220684.09,127059.051
688009.SH,2024-08-16,5.62,5.67,5.55,5.62,5.63,-0.009999999999999787,-0.18,155143.5,89701.033
688009.SH,2024-08-19,5.65,5.82,5.64,5.79,5.62,0.16999999999999993,3.02,309355.89,184055.947
688009.SH,2024-08-20,5.77,5.78,5.7,5.74,5.79,-0.04999999999999982,-0.86,144265.22,85236.275
688009.SH,2024-08-21,5.73,5.76,5.61,5.64,5.74,-0.10000000000000053,-1.74,158953.84,92966.782
688009.SH,2024-08-22,5.64,5.75,5.62,5.68,5.64,0.040000000000000036,0.71,180397.32,105840.947
688009.SH,2024-08-23,5.67,5.74,5.64,5.71,5.68,0.03000000000000025,0.53,116622.1,68558.902
688009.SH,2024-08-26,5.7,5.71,5.32,5.33,5.71,-0.3799999999999999,-6.65,427329.37,239098.773
688009.SH,2024-08-27,5.33,5.39,5.15,5.16,5.33,-0.16999999999999993,-3.19,412528.14,222223.223
688009.SH,2024-08-28,5.17,5.26,5.09,5.11,5.16,-0.04999999999999982,-0.97,294322.37,156653.712
688009.SH,2024-08-29,5.13,5.13,4.95,4.99,5.11,-0.1200000000000001,-2.35,339018.5,174833.34
688009.SH,2024-08-30,5.0,5.13,4.93,5.04,4.99,0.04999999999999982,1.0,367186.96,191008.481
688009.SH,2024-09-02,5.04,5.05,4.79,4.84,5.04,-0.20000000000000018,-3.97,485166.56,243808.177
688009.SH,2024-09-03,4.86,4.92,4.78,4.91,4.84,0.07000000000000028,1.45,253658.46,127152.397
688009.SH,2024-09-04,4.88,4.99,4.85,4.93,4.91,0.019999999999999574,0.41,214090.74,108778.689
688009.SH,2024-09-05,4.95,4.96,4.87,4.93,4.93,0.0,0.0,139166.99,70509.023
688009.SH,2024-09-06,4.95,4.95,4.84,4.85,4.93,-0.08000000000000007,-1.62,147237.95,74036.335
688009.SH,2024-09-09,4.87,4.93,4.75,4.77,4.85,-0.08000000000000007,-1.65,312708.53,155558.557
688009.SH,2024-09-10,4.76,4.78,4.68,4.76,4.77,-0.009999999999999787,-0.21,195118.0,95090.304
688009.SH,2024-09-11,4.74,4.75,4.63,4.68,4.76,-0.08000000000000007,-1.68,277692.33,133907.211
688009.SH,2024-09-12,4.69,4.81,4.68,4.73,4.68,0.05000000000000071,1.07,202807.06,99469.009
688009.SH,2024-09-13,4.73,4.77,4.68,4.76,4.73,0.02999999999999936,0.63,258219.72,125473.274
688009.SH,2024-09-18,4.71,4.72,4.53,4.57,4.76,-0.1899999999999995,-3.99,330936.43,156612.989
688009.SH,2024-09-19,4.6,4.71,4.55,4.7,4.57,0.1299999999999999,2.84,298684.87,143469.692
688009.SH,2024-09-20,4.71,4.71,4.61,4.68,4.7,-0.020000000000000462,-0.43,185031.26,88634.735
688009.SH,2024-09-23,4.66,4.74,4.62,4.69,4.68,0.010000000000000675,0.21,147868.91,71683.829
688009.SH,2024-09-24,4.71,4.92,4.71,4.92,4.69,0.22999999999999954,4.9,282744.08,140891.714
688009.SH,2024-09-25,4.95,5.13,4.95,5.06,4.92,0.13999999999999968,2.85,333285.2,174410.212
688009.SH,2024-09-26,5.06,5.19,5.03,5.17,5.06,0.11000000000000032,2.17,278269.73,146439.714
688009.SH,2024-09-27,5.27,5.31,5.16,5.28,5.17,0.11000000000000032,2.13,259124.97,139523.932
688009.SH,2024-09-30,5.45,6.1,5.45,6.1,5.28,0.8199999999999994,15.53,884378.18,530320.894
688009.SH,2024-10-08,7.32,7.32,6.51,6.92,6.1,0.8200000000000003,13.44,1630446.78,1150805.648
688009.SH,2024-10-09,6.66,6.96,6.29,6.29,6.92,-0.6299999999999999,-9.1,1269741.57,867210.898
688009.SH,2024-10-10,6.3,6.91,6.19,6.47,6.29,0.17999999999999972,2.86,1142171.21,764468.459
688009.SH,2024-10-11,6.45,6.49,6.17,6.24,6.47,-0.22999999999999954,-3.55,578738.61,378004.876
688009.SH,2024-10-14,6.31,6.42,6.17,6.29,6.24,0.04999999999999982,0.8,563486.31,365394.034
688009.SH,2024-10-15,6.29,6.41,6.18,6.18,6.29,-0.11000000000000032,-1.75,433463.76,281296.674
688009.SH,2024-10-16,6.13,6.27,6.11,6.15,6.18,-0.02999999999999936,-0.49,327947.24,208692.257
688009.SH,2024-10-17,6.16,6.23,6.0,6.02,6.15,-0.13000000000000078,-2.11,382250.71,241106.582
688009.SH,2024-10-18,5.98,6.45,5.95,6.26,6.02,0.2400000000000002,3.99,697673.85,442869.602
688009.SH,2024-10-21,6.33,6.38,6.21,6.27,6.26,0.009999999999999787,0.16,841239.83,543995.553
688009.SH,2024-10-22,6.32,6.33,6.06,6.09,6.27,-0.17999999999999972,-2.87,578097.07,364741.75
688009.SH,2024-10-23,6.08,6.25,6.06,6.13,6.09,0.040000000000000036,0.66,454743.8,289127.644
688009.SH,2024-10-24,6.09,6.15,6.04,6.07,6.13,-0.05999999999999961,-0.98,269103.2,168628.745
688009.SH,2024-10-25,6.09,6.13,6.0,6.04,6.07,-0.03000000000000025,-0.49,437757.03,273106.186
688009.SH,2024-10-28,6.04,6.13,5.95,6.13,6.04,0.08999999999999986,1.49,448756.15,280268.816
688009.SH,2024-10-29,6.17,6.22,6.04,6.05,6.13,-0.08000000000000007,-1.31,466253.95,294199.364
688009.SH,2024-10-30,6.04,6.1,6.0,6.05,6.05,0.0,0.0,345778.09,215616.217
688009.SH,2024-10-31,6.07,6.1,5.96,6.08,6.05,0.03000000000000025,0.5,493822.56,307108.054
688009.SH,2024-11-01,6.09,6.23,5.98,6.03,6.08,-0.04999999999999982,-0.82,621358.93,391492.746
688009.SH,2024-11-04,6.05,6.2,6.0,6.15,6.03,0.1200000000000001,1.99,398369.39,251345.153
688009.SH,2024-11-05,6.15,6.3,6.11,6.29,6.15,0.13999999999999968,2.28,620557.91,398170.295
688009.SH,2024-11-06,6.31,6.63,6.31,6.52,6.29,0.22999999999999954,3.66,963682.03,648968.574
688009.SH,2024-11-07,6.47,6.64,6.38,6.63,6.52,0.11000000000000032,1.69,666438.4,447703.998
688009.SH,2024-11-08,6.74,6.77,6.55,6.56,6.63,-0.07000000000000028,-1.06,569152.79,387518.955
688009.SH,2024-11-11,6.55,6.82,6.53,6.78,6.56,0.22000000000000064,3.35,755610.44,519046.645
688009.SH,2024-11-12,6.8,6.89,6.5,6.55,6.78,-0.23000000000000043,-3.39,656883.07,451450.691
688009.SH,2024-11-13,6.5,6.64,6.5,6.61,6.55,0.0600000000000005,0.92,455466.29,309483.913
688009.SH,2024-11-14,6.56,6.63,6.41,6.44,6.61,-0.16999999999999993,-2.57,419803.75,281585.344
688009.SH,2024-11-15,6.44,6.58,6.4,6.42,6.44,-0.020000000000000462,-0.31,466188.4,312634.889
688009.SH,2024-11-18,6.5,6.65,6.41,6.45,6.42,0.03000000000000025,0.47,587713.71,395916.619
688009.SH,2024-11-19,6.43,6.53,6.36,6.51,6.45,0.05999999999999961,0.93,431083.95,286531.132
688009.SH,2024-11-20,6.51,6.6,6.42,6.53,6.51,0.020000000000000462,0.31,367761.68,247018.176
688009.SH,2024-11-21,6.5,6.55,6.38,6.42,6.53,-0.11000000000000032,-1.68,385385.05,255484.951
688009.SH,2024-11-22,6.45,6.45,6.18,6.21,6.42,-0.20999999999999996,-3.27,383598.35,250403.051
688009.SH,2024-11-25,6.26,6.29,6.16,6.21,6.21,0.0,0.0,351689.98,225466.797
688009.SH,2024-11-26,6.21,6.24,6.13,6.16,6.21,-0.04999999999999982,-0.81,230595.36,146786.691
688009.SH,2024-11-27,6.17,6.25,6.07,6.23,6.16,0.07000000000000028,1.14,304798.84,194032.44
688009.SH,2024-11-28,6.24,6.26,6.16,6.16,6.23,-0.07000000000000028,-1.12,254381.83,162452.103
688009.SH,2024-11-29,6.18,6.24,6.11,6.17,6.16,0.009999999999999787,0.16,358356.52,228281.898
688009.SH,2024-12-02,6.22,6.28,6.19,6.24,6.17,0.07000000000000028,1.13,364752.18,234703.626
688009.SH,2024-12-03,6.26,6.31,6.2,6.25,6.24,0.009999999999999787,0.16,378557.17,244247.617
688009.SH,2024-12-04,6.25,6.28,6.18,6.23,6.25,-0.019999999999999574,-0.32,279662.84,179533.614
688009.SH,2024-12-05,6.21,6.29,6.19,6.24,6.23,0.009999999999999787,0.16,220885.81,142173.694
688009.SH,2024-12-06,6.25,6.29,6.17,6.26,6.24,0.019999999999999574,0.32,308164.15,198531.428
688009.SH,2024-12-09,6.27,6.31,6.2,6.22,6.26,-0.040000000000000036,-0.64,318160.21,205098.078
688009.SH,2024-12-10,6.43,6.47,6.23,6.25,6.22,0.03000000000000025,0.48,424154.85,275661.031
688009.SH,2024-12-11,6.25,6.29,6.24,6.28,6.25,0.03000000000000025,0.48,246254.03,159131.864
688009.SH,2024-12-12,6.29,6.29,6.24,6.29,6.28,0.009999999999999787,0.16,251041.92,162309.941
688009.SH,2024-12-13,6.27,6.29,6.11,6.16,6.29,-0.1299999999999999,-2.07,438082.33,278444.095
688009.SH,2024-12-16,6.15,6.27,6.14,6.19,6.16,0.03000000000000025,0.49,308245.58,197063.667
688009.SH,2024-12-17,6.19,6.3,6.18,6.22,6.19,0.02999999999999936,0.48,301073.12,194191.223
688009.SH,2024-12-18,6.27,6.34,6.27,6.27,6.22,0.04999999999999982,0.8,318250.33,206731.159
688009.SH,2024-12-19,6.22,6.27,6.19,6.25,6.27,-0.019999999999999574,-0.32,273240.37,175233.656
688009.SH,2024-12-20,6.29,6.29,6.06,6.08,6.25,-0.16999999999999993,-2.72,438145.09,276916.132
688009.SH,2024-12-23,6.07,6.17,6.06,6.11,6.08,0.03000000000000025,0.49,333990.04,210932.832
688009.SH,2024-12-24,6.11,6.22,6.1,6.21,6.11,0.09999999999999964,1.64,310098.44,198065.162
688009.SH,2024-12-25,6.23,6.24,5.99,6.01,6.21,-0.20000000000000018,-3.22,424244.18,265887.743
688009.SH,2024-12-26,6.03,6.11,5.86,5.94,6.01,-0.0699999999999994,-1.16,472853.65,291636.777
688009.SH,2024-12-27,5.97,6.05,5.88,6.02,5.94,0.07999999999999918,1.35,491242.78,302603.325
688009.SH,2024-12-30,6.02,6.13,5.99,6.07,6.02,0.05000000000000071,0.83,320805.97,201140.506
688009.SH,2024-12-31,6.08,6.19,6.05,6.07,6.07,0.0,0.0,470406.74,296930.962
688009.SH,2025-01-02,6.09,6.13,5.8,5.84,6.07,-0.23000000000000043,-3.79,430140.23,264779.787
688009.SH,2025-01-03,5.87,5.9,5.73,5.76,5.84,-0.08000000000000007,-1.37,296588.31,177889.231
688009.SH,2025-01-06,5.77,5.77,5.59,5.65,5.76,-0.10999999999999943,-1.91,292859.56,170569.088
688009.SH,2025-01-07,5.67,5.67,5.54,5.58,5.65,-0.07000000000000028,-1.24,288297.99,166039.938
688009.SH,2025-01-08,5.58,5.63,5.47,5.6,5.58,0.019999999999999574,0.36,287772.17,165034.453
688009.SH,2025-01-09,5.6,5.61,5.51,5.51,5.6,-0.08999999999999986,-1.61,207908.99,118596.767
688009.SH,2025-01-10,5.54,5.55,5.43,5.43,5.51,-0.08000000000000007,-1.45,225640.94,127398.126
688009.SH,2025-01-13,5.42,5.52,5.35,5.52,5.43,0.08999999999999986,1.66,267702.62,150647.066
688009.SH,2025-01-14,5.49,5.63,5.48,5.6,5.52,0.08000000000000007,1.45,248010.78,142445.191
688009.SH,2025-01-15,5.61,5.64,5.55,5.56,5.6,-0.040000000000000036,-0.71,220424.08,126946.245
688009.SH,2025-01-16,5.58,5.67,5.55,5.59,5.56,0.03000000000000025,0.54,231796.28,133869.127
688009.SH,2025-01-17,5.59,5.67,5.54,5.61,5.59,0.020000000000000462,0.36,234582.27,136146.656
688009.SH,2025-01-20,5.64,5.69,5.58,5.59,5.61,-0.020000000000000462,-0.36,217440.14,125871.433
688009.SH,2025-01-21,5.64,5.65,5.53,5.53,5.59,-0.05999999999999961,-1.07,171435.84,98406.597
688009.SH,2025-01-22,5.57,5.57,5.46,5.52,5.53,-0.010000000000000675,-0.18,171837.01,97589.053
688009.SH,2025-01-23,5.57,5.69,5.56,5.59,5.52,0.07000000000000028,1.27,258835.07,150485.977
688009.SH,2025-01-24,5.58,5.8,5.56,5.66,5.59,0.07000000000000028,1.25,280264.05,163700.139
688009.SH,2025-01-27,5.7,5.74,5.64,5.64,5.66,-0.020000000000000462,-0.35,198488.32,116384.476
688009.SH,2025-02-05,5.66,5.66,5.5,5.53,5.64,-0.10999999999999943,-1.95,317425.0,181208.051
688009.SH,2025-02-06,5.52,5.61,5.47,5.59,5.53,0.05999999999999961,1.08,300244.42,171642.808
688009.SH,2025-02-07,5.6,5.7,5.57,5.63,5.59,0.040000000000000036,0.72,319490.62,185764.968
688009.SH,2025-02-10,5.64,5.69,5.63,5.65,5.63,0.020000000000000462,0.36,275381.87,160839.908
688009.SH,2025-02-11,5.67,5.68,5.58,5.59,5.65,-0.0600000000000005,-1.06,233177.06,134855.317
688009.SH,2025-02-12,5.61,5.63,5.54,5.58,5.59,-0.009999999999999787,-0.18,226074.01,130054.232
688009.SH,2025-02-13,5.58,5.62,5.52,5.52,5.58,-0.0600000000000005,-1.08,220219.36,126059.594
688009.SH,2025-02-14,5.54,5.55,5.48,5.52,5.52,0.0,0.0,229938.94,130789.443
688009.SH,2025-02-17,5.53,5.56,5.48,5.52,5.52,0.0,0.0,242894.17,138311.754
688009.SH,2025-02-18,5.52,5.58,5.44,5.46,5.52,-0.05999999999999961,-1.09,291578.23,165886.726
688009.SH,2025-02-19,5.44,5.57,5.44,5.54,5.46,0.08000000000000007,1.47,279399.37,159269.557
688009.SH,2025-02-20,5.53,5.55,5.43,5.46,5.54,-0.08000000000000007,-1.44,284359.61,160086.959
688009.SH,2025-02-21,5.47,5.55,5.39,5.52,5.46,0.05999999999999961,1.1,412266.03,233005.729
688009.SH,2025-02-24,5.54,5.68,5.53,5.65,5.52,0.13000000000000078,2.36,496150.88,288500.058
688009.SH,2025-02-25,5.64,5.66,5.57,5.59,5.65,-0.0600000000000005,-1.06,315712.16,182847.542
688009.SH,2025-02-26,5.59,5.65,5.59,5.64,5.59,0.04999999999999982,0.89,331554.82,192281.003
688009.SH,2025-02-27,5.63,5.64,5.53,5.61,5.64,-0.02999999999999936,-0.53,333186.7,191671.905
688009.SH,2025-02-28,5.62,5.7,5.6,5.61,5.61,0.0,0.0,503382.57,293221.854
688009.SH,2025-03-03,5.63,5.86,5.63,5.75,5.61,0.13999999999999968,2.5,608020.81,362124.343
688009.SH,2025-03-04,5.73,5.87,5.71,5.75,5.75,0.0,0.0,378178.93,225660.077
688009.SH,2025-03-05,5.79,5.8,5.71,5.76,5.75,0.009999999999999787,0.17,310187.89,184223.44
688009.SH,2025-03-06,5.77,5.82,5.64,5.64,5.76,-0.1200000000000001,-2.08,625935.63,367115.877
688009.SH,2025-03-07,5.64,5.69,5.54,5.56,5.64,-0.08000000000000007,-1.42,555789.82,322028.522
688009.SH,2025-03-10,5.56,5.59,5.51,5.55,5.56,-0.009999999999999787,-0.18,296781.01,169806.64
688009.SH,2025-03-11,5.51,5.57,5.48,5.54,5.55,-0.009999999999999787,-0.18,284805.38,162285.112
688009.SH,2025-03-12,5.56,5.58,5.53,5.53,5.54,-0.009999999999999787,-0.18,230983.47,132082.376
688009.SH,2025-03-13,5.53,5.54,5.4,5.43,5.53,-0.10000000000000053,-1.81,437592.96,245712.053
688009.SH,2025-03-14,5.44,5.53,5.42,5.52,5.43,0.08999999999999986,1.66,335449.68,190041.13
688009.SH,2025-03-17,5.53,5.57,5.52,5.54,5.52,0.020000000000000462,0.36,235413.16,134457.045
688009.SH,2025-03-18,5.56,5.56,5.52,5.54,5.54,0.0,0.0,223256.26,127539.801
688009.SH,2025-03-19,5.53,5.54,5.49,5.5,5.54,-0.040000000000000036,-0.72,198460.59,112742.512
688009.SH,2025-03-20,5.51,5.54,5.48,5.5,5.5,0.0,0.0,225868.4,128232.508
688009.SH,2025-03-21,5.49,5.57,5.44,5.44,5.5,-0.05999999999999961,-1.09,365166.23,207122.84
688009.SH,2025-03-24,5.44,5.47,5.4,5.44,5.44,0.0,0.0,267296.86,149846.504
688009.SH,2025-03-25,5.43,5.58,5.41,5.57,5.44,0.1299999999999999,2.39,341433.04,194742.29
688009.SH,2025-03-26,5.54,5.59,5.53,5.56,5.57,-0.010000000000000675,-0.18,207882.96,119203.523
688009.SH,2025-03-27,5.56,5.6,5.51,5.58,5.56,0.020000000000000462,0.36,220444.71,126525.874
688009.SH,2025-03-28,5.59,5.61,5.55,5.59,5.58,0.009999999999999787,0.18,245687.02,141458.761
688009.SH,2025-03-31,5.59,5.64,5.44,5.46,5.59,-0.1299999999999999,-2.33,347776.11,197561.864
688009.SH,2025-04-01,5.47,5.51,5.38,5.41,5.46,-0.04999999999999982,-0.92,461656.12,257803.832
688009.SH,2025-04-02,5.42,5.42,5.34,5.36,5.41,-0.04999999999999982,-0.92,264314.12,146525.685
688009.SH,2025-04-03,5.35,5.45,5.33,5.4,5.36,0.040000000000000036,0.75,295519.03,164539.95
688009.SH,2025-04-07,5.25,5.29,4.7,4.83,5.4,-0.5700000000000003,-10.56,654124.97,335972.686
688009.SH,2025-04-08,4.92,5.32,4.92,5.22,4.83,0.3899999999999997,8.07,867335.34,463186.039
688009.SH,2025-04-09,5.19,5.32,5.08,5.28,5.22,0.0600000000000005,1.15,579109.66,310579.896
688009.SH,2025-04-10,5.29,5.32,5.22,5.22,5.28,-0.0600000000000005,-1.14,410964.45,222937.341
688009.SH,2025-04-11,5.23,5.23,5.13,5.17,5.22,-0.04999999999999982,-0.96,331752.36,176857.683
688009.SH,2025-04-14,5.19,5.21,5.16,5.16,5.17,-0.009999999999999787,-0.19,288775.66,154109.264
688009.SH,2025-04-15,5.17,5.22,5.12,5.21,5.16,0.04999999999999982,0.97,276453.83,147365.635
688009.SH,2025-04-16,5.18,5.23,5.13,5.21,5.21,0.0,0.0,257453.61,137370.627
688009.SH,2025-04-17,5.19,5.2,5.16,5.17,5.21,-0.040000000000000036,-0.77,169095.97,90269.569
688009.SH,2025-04-18,5.17,5.22,5.13,5.2,5.17,0.03000000000000025,0.58,187271.37,99948.366
688009.SH,2025-04-21,5.2,5.2,5.15,5.18,5.2,-0.020000000000000462,-0.38,164656.59,87874.176
688009.SH,2025-04-22,5.18,5.24,5.17,5.2,5.18,0.020000000000000462,0.39,213245.86,114407.383
688009.SH,2025-04-23,5.2,5.28,5.18,5.18,5.2,-0.020000000000000462,-0.38,192981.35,103594.329
688009.SH,2025-04-24,5.2,5.21,5.16,5.18,5.18,0.0,0.0,168601.97,90104.663
688009.SH,2025-04-25,5.2,5.22,5.17,5.18,5.18,0.0,0.0,169911.23,90883.497
688009.SH,2025-04-28,5.16,5.19,5.14,5.16,5.18,-0.019999999999999574,-0.39,167188.71,89037.247
688009.SH,2025-04-29,5.16,5.22,5.14,5.2,5.16,0.040000000000000036,0.78,213139.41,114007.054
688009.SH,2025-04-30,5.17,5.18,4.93,4.94,5.2,-0.2599999999999998,-5.0,675455.07,346582.236
688009.SH,2025-05-06,4.97,4.98,4.93,4.95,4.94,0.009999999999999787,0.2,372546.48,190141.103
688009.SH,2025-05-07,4.99,5.03,4.96,5.02,4.95,0.0699999999999994,1.41,412399.81,212569.336
688009.SH,2025-05-08,5.0,5.05,4.99,5.03,5.02,0.010000000000000675,0.2,271889.19,140984.425
688009.SH,2025-05-09,5.02,5.04,4.97,4.98,5.03,-0.04999999999999982,-0.99,234252.16,120524.214
688009.SH,2025-05-12,5.01,5.09,5.0,5.06,4.98,0.07999999999999918,1.61,300158.49,156501.42
688009.SH,2025-05-13,5.1,5.11,5.06,5.06,5.06,0.0,0.0,204463.97,107086.438
688009.SH,2025-05-14,5.06,5.08,4.99,5.05,5.06,-0.009999999999999787,-0.2,300725.75,155952.226
688009.SH,2025-05-15,5.06,5.06,5.0,5.0,5.05,-0.04999999999999982,-0.99,179952.6,93301.136
688009.SH,2025-05-16,5.0,5.04,4.97,4.97,5.0,-0.03000000000000025,-0.6,215449.53,110954.693
688009.SH,2025-05-19,4.98,5.03,4.95,5.02,4.97,0.04999999999999982,1.01,229790.59,118492.679
688009.SH,2025-05-20,5.02,5.04,5.0,5.0,5.02,-0.019999999999999574,-0.4,169772.96,87709.731
688009.SH,2025-05-21,5.01,5.02,4.97,4.99,5.0,-0.009999999999999787,-0.2,219426.88,112819.537
688009.SH,2025-05-22,4.98,4.99,4.95,4.95,4.99,-0.040000000000000036,-0.8,207217.65,105995.32
688009.SH,2025-05-23,4.95,4.96,4.89,4.89,4.95,-0.0600000000000005,-1.21,282125.55,143271.469
688009.SH,2025-05-26,4.9,4.91,4.87,4.88,4.89,-0.009999999999999787,-0.2,198266.57,99858.254
688009.SH,2025-05-27,4.89,4.91,4.87,4.9,4.88,0.020000000000000462,0.41,208278.56,105001.151
688009.SH,2025-05-28,4.91,4.93,4.85,4.86,4.9,-0.040000000000000036,-0.82,208784.63,105170.731
688009.SH,2025-05-29,4.87,4.93,4.86,4.92,4.86,0.05999999999999961,1.23,216890.33,109685.215
688009.SH,2025-05-30,4.91,4.93,4.85,4.87,4.92,-0.04999999999999982,-1.02,239081.84,120705.369
688009.SH,2025-06-03,4.88,4.93,4.84,4.91,4.87,0.040000000000000036,0.82,283181.73,142865.463
688009.SH,2025-06-04,4.89,4.92,4.88,4.89,4.91,-0.020000000000000462,-0.41,235885.91,118984.789
688009.SH,2025-06-05,4.9,4.94,4.88,4.93,4.89,0.040000000000000036,0.82,281509.25,142616.147
688009.SH,2025-06-06,4.92,4.95,4.91,4.92,4.93,-0.009999999999999787,-0.2,178861.7,90752.53
688009.SH,2025-06-09,4.94,4.97,4.92,4.96,4.92,0.040000000000000036,0.81,233216.61,118887.458
688009.SH,2025-06-10,4.97,5.0,4.91,4.93,4.96,-0.03000000000000025,-0.6,300762.56,153556.89
688009.SH,2025-06-11,4.93,4.99,4.92,4.96,4.93,0.03000000000000025,0.61,213032.17,109026.506
688009.SH,2025-06-12,4.97,4.99,4.93,4.96,4.96,0.0,0.0,218689.82,111895.957
688009.SH,2025-06-13,4.95,4.99,4.9,4.93,4.96,-0.03000000000000025,-0.6,405883.36,206252.594
688009.SH,2025-06-16,4.91,4.93,4.89,4.92,4.93,-0.009999999999999787,-0.2,203204.1,102847.406
688009.SH,2025-06-17,4.93,4.96,4.9,4.94,4.92,0.020000000000000462,0.41,224482.32,114216.502
688009.SH,2025-06-18,4.95,4.96,4.92,4.92,4.94,-0.020000000000000462,-0.4,142134.0,72259.389
688009.SH,2025-06-19,4.92,4.95,4.87,4.89,4.92,-0.03000000000000025,-0.61,217087.09,109651.432
688009.SH,2025-06-20,4.88,4.94,4.88,4.92,4.89,0.03000000000000025,0.61,182773.2,92565.492
688009.SH,2025-06-23,4.9,4.95,4.86,4.94,4.92,0.020000000000000462,0.41,208365.71,105466.854
688009.SH,2025-06-24,4.93,5.0,4.93,4.99,4.94,0.04999999999999982,1.01,250454.73,128390.64
688009.SH,2025-06-25,5.0,5.01,4.96,5.0,4.99,0.009999999999999787,0.2,256532.16,131948.967
688009.SH,2025-06-26,5.01,5.03,4.98,4.98,5.0,-0.019999999999999574,-0.4,256547.68,132283.054
688009.SH,2025-06-27,4.99,5.03,4.98,4.98,4.98,0.0,0.0,246777.92,127329.07
688009.SH,2025-06-30,5.0,5.01,4.98,4.99,4.98,0.009999999999999787,0.2,199824.29,102818.148
688009.SH,2025-07-01,5.0,5.0,4.98,4.99,4.99,0.0,0.0,195338.27,100477.926
688009.SH,2025-07-02,5.0,5.03,4.99,5.01,4.99,0.019999999999999574,0.4,269213.99,139007.341
688009.SH,2025-07-03,5.02,5.04,5.01,5.02,5.01,0.009999999999999787,0.2,180686.2,93719.998
688009.SH,2025-07-04,5.03,5.08,5.0,5.05,5.02,0.03000000000000025,0.6,284089.6,147755.159
688009.SH,2025-07-07,5.05,5.11,5.05,5.08,5.05,0.03000000000000025,0.59,293020.75,153609.753
688009.SH,2025-07-08,5.08,5.13,5.08,5.12,5.08,0.040000000000000036,0.79,231658.26,121922.848
688009.SH,2025-07-09,5.12,5.24,5.12,5.18,5.12,0.05999999999999961,1.17,350407.62,187454.583
688009.SH,2025-07-10,5.17,5.21,5.16,5.2,5.18,0.020000000000000462,0.39,206209.73,110285.405
688009.SH,2025-07-11,5.21,5.25,5.18,5.21,5.2,0.009999999999999787,0.19,254896.8,137060.484
688009.SH,2025-07-14,5.24,5.33,5.23,5.27,5.21,0.05999999999999961,1.15,334647.18,182363.792
688009.SH,2025-07-15,5.27,5.3,5.18,5.22,5.27,-0.04999999999999982,-0.95,274092.34,147436.726
688009.SH,2025-07-16,5.22,5.23,5.15,5.17,5.22,-0.04999999999999982,-0.96,258295.67,137956.251
688009.SH,2025-07-17,5.19,5.2,5.16,5.16,5.17,-0.009999999999999787,-0.19,204866.12,109264.509
688009.SH,2025-07-18,5.18,5.19,5.14,5.18,5.16,0.019999999999999574,0.39,241825.72,128830.788
688009.SH,2025-07-21,5.18,5.38,5.18,5.37,5.18,0.1900000000000004,3.67,407784.52,223258.704
688009.SH,2025-07-22,5.37,5.45,5.33,5.43,5.37,0.05999999999999961,1.12,328312.44,182537.28
688009.SH,2025-07-23,5.46,5.47,5.4,5.4,5.43,-0.02999999999999936,-0.55,379472.52,212686.821
688009.SH,2025-07-24,5.41,5.48,5.39,5.48,5.4,0.08000000000000007,1.48,348918.43,196001.498
688009.SH,2025-07-25,5.5,5.5,5.42,5.43,5.48,-0.05000000000000071,-0.91,400531.95,218517.238
688009.SH,2025-07-28,5.44,5.49,5.42,5.47,5.43,0.040000000000000036,0.74,295790.69,161420.625
688009.SH,2025-07-29,5.49,5.49,5.39,5.45,5.47,-0.019999999999999574,-0.37,300618.52,163079.031
688009.SH,2025-07-30,5.44,5.47,5.39,5.41,5.45,-0.040000000000000036,-0.73,248861.83,135229.908
688009.SH,2025-07-31,5.41,5.41,5.27,5.29,5.41,-0.1200000000000001,-2.22,358956.86,191288.603
688009.SH,2025-08-01,5.29,5.39,5.28,5.32,5.29,0.03000000000000025,0.57,337303.07,180491.852
688009.SH,2025-08-04,5.31,5.35,5.29,5.33,5.32,0.009999999999999787,0.19,215097.6,114374.604
688009.SH,2025-08-05,5.34,5.41,5.33,5.41,5.33,0.08000000000000007,1.5,256366.42,137579.722
688009.SH,2025-08-06,5.41,5.45,5.39,5.41,5.41,0.0,0.0,209246.54,113408.574
688009.SH,2025-08-07,5.41,5.43,5.37,5.4,5.41,-0.009999999999999787,-0.18,188447.25,101724.338
688009.SH,2025-08-08,5.39,5.49,5.37,5.45,5.4,0.04999999999999982,0.93,321258.42,174870.336
688009.SH,2025-08-11,5.5,5.53,5.44,5.45,5.45,0.0,0.0,247986.64,135492.868
688009.SH,2025-08-12,5.45,5.47,5.41,5.43,5.45,-0.020000000000000462,-0.37,241755.41,131484.538
688009.SH,2025-08-13,5.43,5.47,5.42,5.46,5.43,0.03000000000000025,0.55,246228.87,134106.64
688009.SH,2025-08-14,5.46,5.47,5.32,5.32,5.46,-0.13999999999999968,-2.56,387077.19,208296.325
688009.SH,2025-08-15,5.33,5.4,5.32,5.39,5.32,0.0699999999999994,1.32,261340.06,140260.982
688009.SH,2025-08-18,5.39,5.49,5.37,5.48,5.39,0.09000000000000075,1.67,411745.82,224155.261
688009.SH,2025-08-19,5.48,5.49,5.41,5.42,5.48,-0.0600000000000005,-1.09,269999.96,146879.109
688009.SH,2025-08-20,5.42,5.46,5.39,5.46,5.42,0.040000000000000036,0.74,301633.3,163794.834
688009.SH,2025-08-21,5.45,5.52,5.44,5.48,5.46,0.020000000000000462,0.37,432204.0,237203.416
688009.SH,2025-08-22,5.48,5.56,5.42,5.55,5.48,0.0699999999999994,1.28,555439.42,304443.328
688009.SH,2025-08-25,5.57,5.73,5.56,5.62,5.55,0.07000000000000028,1.26,735193.38,414268.881
688009.SH,2025-08-26,5.61,5.64,5.57,5.61,5.62,-0.009999999999999787,-0.18,390617.47,218979.561
688009.SH,2025-08-27,5.61,5.64,5.49,5.49,5.61,-0.1200000000000001,-2.14,564413.66,314464.664
688009.SH,2025-08-28,5.5,5.64,5.46,5.63,5.49,0.13999999999999968,2.55,748341.73,415819.353
688009.SH,2025-08-29,5.64,5.67,5.54,5.58,5.63,-0.04999999999999982,-0.89,554473.12,310183.474
688009.SH,2025-09-01,5.6,5.66,5.54,5.57,5.58,-0.009999999999999787,-0.18,586321.46,327116.24
688009.SH,2025-09-02,5.59,5.59,5.47,5.51,5.57,-0.0600000000000005,-1.08,450262.88,248584.387
688009.SH,2025-09-03,5.53,5.54,5.4,5.44,5.51,-0.0699999999999994,-1.27,412799.67,225100.251
688009.SH,2025-09-04,5.41,5.42,5.26,5.31,5.44,-0.13000000000000078,-2.39,510420.73,272301.168
688009.SH,2025-09-05,5.32,5.34,5.27,5.32,5.31,0.010000000000000675,0.19,416162.67,220709.889
688009.SH,2025-09-08,5.33,5.35,5.28,5.35,5.32,0.02999999999999936,0.56,426111.53,226589.107
688009.SH,2025-09-09,5.35,5.36,5.27,5.31,5.35,-0.040000000000000036,-0.75,323400.47,171512.596
688009.SH,2025-09-10,5.3,5.33,5.28,5.28,5.31,-0.02999999999999936,-0.56,245375.16,130021.803
688009.SH,2025-09-11,5.29,5.38,5.26,5.37,5.28,0.08999999999999986,1.7,406540.96,216375.658
688009.SH,2025-09-12,5.36,5.39,5.34,5.35,5.37,-0.020000000000000462,-0.37,409638.37,219721.541
688009.SH,2025-09-15,5.37,5.44,5.34,5.36,5.35,0.010000000000000675,0.19,405644.3,217873.617
688009.SH,2025-09-16,5.37,5.37,5.29,5.32,5.36,-0.040000000000000036,-0.75,313109.86,166571.294
688009.SH,2025-09-17,5.31,5.39,5.3,5.37,5.32,0.04999999999999982,0.94,334173.44,178887.652
688009.SH,2025-09-18,5.37,5.4,5.28,5.29,5.37,-0.08000000000000007,-1.49,482428.07,257969.044
688009.SH,2025-09-19,5.31,5.33,5.28,5.33,5.29,0.040000000000000036,0.76,319311.65,169325.791
688009.SH,2025-09-22,5.32,5.33,5.23,5.26,5.33,-0.07000000000000028,-1.31,327296.75,172262.068
688009.SH,2025-09-23,5.26,5.28,5.15,5.28,5.26,0.020000000000000462,0.38,430595.96,224311.293
688009.SH,2025-09-24,5.25,5.34,5.24,5.33,5.28,0.04999999999999982,0.95,374598.43,198659.905
688009.SH,2025-09-25,5.34,5.35,5.26,5.27,5.33,-0.0600000000000005,-1.13,304181.29,161184.91
688009.SH,2025-09-26,5.28,5.36,5.24,5.32,5.27,0.05000000000000071,0.95,355719.96,189263.238
688009.SH,2025-09-29,5.31,5.35,5.27,5.33,5.32,0.009999999999999787,0.19,295343.01,156652.492
688009.SH,2025-09-30,5.32,5.39,5.32,5.38,5.33,0.04999999999999982,0.94,335956.27,180078.951
688009.SH,2025-10-09,5.4,5.48,5.36,5.47,5.38,0.08999999999999986,1.67,474727.84,258069.29
688009.SH,2025-10-10,5.44,5.52,5.43,5.48,5.47,0.010000000000000675,0.18,408476.42,223932.977
688009.SH,2025-10-13,5.38,5.48,5.36,5.46,5.48,-0.020000000000000462,-0.36,441752.57,238904.391
688009.SH,2025-10-14,5.48,5.55,5.44,5.47,5.46,0.009999999999999787,0.18,476816.81,262346.693
688009.SH,2025-10-15,5.49,5.51,5.39,5.46,5.47,-0.009999999999999787,-0.18,386303.35,210301.55
688009.SH,2025-10-16,5.45,5.46,5.41,5.42,5.46,-0.040000000000000036,-0.73,298968.1,162323.172
688009.SH,2025-10-17,5.42,5.45,5.27,5.29,5.42,-0.1299999999999999,-2.4,375605.89,200638.245
688009.SH,2025-10-20,5.31,5.34,5.27,5.29,5.29,0.0,0.0,334428.6,176905.234
688009.SH,2025-10-21,5.32,5.43,5.29,5.42,5.29,0.1299999999999999,2.46,455245.66,244807.688
688009.SH,2025-10-22,5.42,5.45,5.38,5.39,5.42,-0.03000000000000025,-0.55,268247.83,145065.209
688009.SH,2025-10-23,5.39,5.39,5.33,5.38,5.39,-0.009999999999999787,-0.19,223623.38,119796.366
688009.SH,2025-10-24,5.4,5.42,5.36,5.38,5.38,0.0,0.0,217814.99,117339.477
688009.SH,2025-10-27,5.4,5.52,5.39,5.49,5.38,0.11000000000000032,2.04,476703.05,260750.176
688009.SH,2025-10-28,5.47,5.51,5.44,5.46,5.49,-0.03000000000000025,-0.55,326371.25,178531.452
688009.SH,2025-10-29,5.44,5.45,5.37,5.42,5.46,-0.040000000000000036,-0.73,281767.98,152423.833
688009.SH,2025-10-30,5.42,5.46,5.39,5.39,5.42,-0.03000000000000025,-0.55,306007.95,165976.506
688009.SH,2025-10-31,5.39,5.41,5.3,5.31,5.39,-0.08000000000000007,-1.48,535695.63,285911.931
688009.SH,2025-11-03,5.31,5.33,5.28,5.32,5.31,0.010000000000000675,0.19,280572.46,148799.32
688009.SH,2025-11-04,5.33,5.35,5.29,5.31,5.32,-0.010000000000000675,-0.19,233592.45,124128.598
688009.SH,2025-11-05,5.29,5.34,5.28,5.32,5.31,0.010000000000000675,0.19,212360.42,112769.822
688009.SH,2025-11-06,5.33,5.4,5.31,5.35,5.32,0.02999999999999936,0.56,319059.39,171180.054
688009.SH,2025-11-07,5.35,5.4,5.33,5.38,5.35,0.03000000000000025,0.56,243119.41,130579.473
688009.SH,2025-11-10,5.4,5.5,5.37,5.5,5.38,0.1200000000000001,2.23,390025.03,212336.849
688009.SH,2025-11-11,5.5,5.51,5.47,5.48,5.5,-0.019999999999999574,-0.36,299861.41,164470.223
688009.SH,2025-11-12,5.5,5.53,5.43,5.45,5.48,-0.03000000000000025,-0.55,272730.99,149393.246
688009.SH,2025-11-13,5.47,5.48,5.43,5.46,5.45,0.009999999999999787,0.18,226773.83,123768.424
688009.SH,2025-11-14,5.46,5.51,5.45,5.45,5.46,-0.009999999999999787,-0.18,254772.34,139649.876
688009.SH,2025-11-17,5.45,5.46,5.31,5.33,5.45,-0.1200000000000001,-2.2,444128.96,237765.309
688009.SH,2025-11-18,5.32,5.34,5.29,5.3,5.33,-0.03000000000000025,-0.56,249314.08,132362.351
688009.SH,2025-11-19,5.31,5.32,5.29,5.3,5.3,0.0,0.0,192847.03,102283.117
688009.SH,2025-11-20,5.32,5.36,5.3,5.32,5.3,0.020000000000000462,0.38,239955.55,127838.235
688009.SH,2025-11-21,5.32,5.32,5.23,5.24,5.32,-0.08000000000000007,-1.5,365686.31,192481.45
688009.SH,2025-11-24,5.25,5.26,5.18,5.2,5.24,-0.040000000000000036,-0.76,354559.81,184699.041
688009.SH,2025-11-25,5.21,5.22,5.17,5.18,5.2,-0.020000000000000462,-0.38,271290.57,140904.499
688009.SH,2025-11-26,5.2,5.21,5.17,5.17,5.18,-0.009999999999999787,-0.19,193244.79,100163.089
688009.SH,2025-11-27,5.18,5.19,5.16,5.17,5.17,0.0,0.0,187268.71,96893.138
688009.SH,2025-11-28,5.18,5.21,5.15,5.2,5.17,0.03000000000000025,0.58,189541.29,98237.146
688009.SH,2025-12-01,5.2,5.25,5.19,5.23,5.2,0.03000000000000025,0.58,262567.43,137252.936
688009.SH,2025-12-02,5.24,5.26,5.21,5.24,5.23,0.009999999999999787,0.19,219249.33,114888.16
688009.SH,2025-12-03,5.24,5.27,5.22,5.26,5.24,0.019999999999999574,0.38,175370.21,92061.494
688009.SH,2025-12-04,5.26,5.28,5.23,5.25,5.26,-0.009999999999999787,-0.19,169670.59,89144.713
688009.SH,2025-12-05,5.25,5.31,5.23,5.3,5.25,0.04999999999999982,0.95,249075.32,131329.472
688009.SH,2025-12-08,5.29,5.32,5.27,5.27,5.3,-0.03000000000000025,-0.57,214183.07,113474.249
688009.SH,2025-12-09,5.28,5.3,5.23,5.24,5.27,-0.02999999999999936,-0.57,177778.31,93474.601
688009.SH,2025-12-10,5.25,5.33,5.23,5.32,5.24,0.08000000000000007,1.53,277937.18,147023.77
688009.SH,2025-12-11,5.33,5.4,5.3,5.35,5.32,0.02999999999999936,0.56,449883.62,241019.419
688009.SH,2025-12-12,5.35,5.46,5.33,5.43,5.35,0.08000000000000007,1.5,686057.53,371443.895
688009.SH,2025-12-15,5.44,5.51,5.42,5.49,5.43,0.0600000000000005,1.1,493743.32,270526.238
688009.SH,2025-12-16,5.5,5.51,5.41,5.42,5.49,-0.07000000000000028,-1.28,373887.81,203737.08
688009.SH,2025-12-17,5.41,5.43,5.33,5.42,5.42,0.0,0.0,320909.99,172964.298
688009.SH,2025-12-18,5.39,5.46,5.37,5.43,5.42,0.009999999999999787,0.18,265455.69,143768.057
688009.SH,2025-12-19,5.44,5.52,5.43,5.48,5.43,0.05000000000000071,0.92,270143.33,148103.097
688009.SH,2025-12-22,5.49,5.5,5.42,5.44,5.48,-0.040000000000000036,-0.73,280609.94,153102.115
688009.SH,2025-12-23,5.43,5.5,5.41,5.44,5.44,0.0,0.0,235865.45,128599.639
688009.SH,2025-12-24,5.43,5.49,5.41,5.48,5.44,0.040000000000000036,0.74,213800.32,116709.71
688009.SH,2025-12-25,5.47,5.54,5.46,5.5,5.48,0.019999999999999574,0.36,257655.8,142045.869
688009.SH,2025-12-26,5.5,5.53,5.46,5.48,5.5,-0.019999999999999574,-0.36,234440.34,128926.233
688009.SH,2025-12-29,5.48,5.52,5.42,5.49,5.48,0.009999999999999787,0.18,298057.95,163325.018
688009.SH,2025-12-30,5.48,5.49,5.42,5.43,5.49,-0.0600000000000005,-1.09,232140.1,126362.264
688009.SH,2025-12-31,5.42,5.5,5.42,5.47,5.43,0.040000000000000036,0.74,214209.99,117248.821
688009.SH,2026-01-05,5.48,5.52,5.45,5.51,5.47,0.040000000000000036,0.73,327854.29,180098.155
688009.SH,2026-01-06,5.51,5.58,5.51,5.57,5.51,0.0600000000000005,1.09,364668.39,202543.481
688009.SH,2026-01-07,5.55,5.57,5.52,5.55,5.57,-0.020000000000000462,-0.36,352164.1,195371.01
688009.SH,2026-01-08,5.55,5.6,5.54,5.58,5.55,0.03000000000000025,0.54,353508.15,197049.922
688009.SH,2026-01-09,5.6,5.64,5.54,5.56,5.58,-0.020000000000000462,-0.36,344847.24,192742.378
688009.SH,2026-01-12,5.57,5.68,5.55,5.68,5.56,0.1200000000000001,2.16,451185.54,254017.226
688009.SH,2026-01-13,5.68,5.69,5.55,5.57,5.68,-0.10999999999999943,-1.94,372840.42,208994.515
688009.SH,2026-01-14,5.59,5.61,5.47,5.49,5.57,-0.08000000000000007,-1.44,543931.29,301439.114
688009.SH,2026-01-15,5.48,5.5,5.37,5.39,5.49,-0.10000000000000053,-1.82,489981.68,265981.049
688009.SH,2026-01-16,5.42,5.46,5.32,5.35,5.39,-0.040000000000000036,-0.74,547818.5,294720.333
688009.SH,2026-01-19,5.33,5.4,5.32,5.36,5.35,0.010000000000000675,0.19,381266.44,204602.989
688009.SH,2026-01-20,5.36,5.42,5.35,5.41,5.36,0.04999999999999982,0.93,393944.08,211993.065
688009.SH,2026-01-21,5.41,5.49,5.39,5.48,5.41,0.07000000000000028,1.29,532297.37,289783.683
688009.SH,2026-01-22,5.49,5.83,5.48,5.75,5.48,0.2699999999999996,4.93,1039764.87,595691.54
688009.SH,2026-01-23,5.75,5.75,5.6,5.63,5.75,-0.1200000000000001,-2.09,778072.11,438203.767
688009.SH,2026-01-26,5.65,5.67,5.56,5.59,5.63,-0.040000000000000036,-0.71,461096.13,258257.885
688009.SH,2026-01-27,5.6,5.61,5.48,5.53,5.59,-0.05999999999999961,-1.07,418679.39,231725.84
688009.SH,2026-01-28,5.55,5.62,5.51,5.57,5.53,0.040000000000000036,0.72,462802.92,258025.429
688009.SH,2026-01-29,5.57,5.62,5.52,5.6,5.57,0.02999999999999936,0.54,489745.69,272469.394
688009.SH,2026-01-30,5.61,5.63,5.49,5.5,5.6,-0.09999999999999964,-1.79,409970.03,227317.895
688009.SH,2026-02-02,5.49,5.58,5.43,5.44,5.5,-0.05999999999999961,-1.09,460760.27,253935.03
688009.SH,2026-02-03,5.46,5.56,5.45,5.54,5.44,0.09999999999999964,1.84,348879.06,192830.023
688009.SH,2026-02-04,5.54,5.62,5.53,5.61,5.54,0.07000000000000028,1.26,355602.92,198737.186
688009.SH,2026-02-05,5.6,5.71,5.58,5.63,5.61,0.019999999999999574,0.36,363295.56,205078.122
688009.SH,2026-02-06,5.6,5.68,5.57,5.62,5.63,-0.009999999999999787,-0.18,293304.24,165153.132
688009.SH,2026-02-09,5.64,5.67,5.57,5.59,5.62,-0.03000000000000025,-0.53,303839.55,170106.053
688009.SH,2026-02-10,5.59,5.61,5.56,5.58,5.59,-0.009999999999999787,-0.18,265779.37,148403.887
688009.SH,2026-02-11,5.58,5.62,5.57,5.57,5.58,-0.009999999999999787,-0.18,189289.49,105847.063
688009.SH,2026-02-12,5.58,5.63,5.52,5.55,5.57,-0.020000000000000462,-0.36,334141.37,186136.563
688009.SH,2026-02-13,5.55,5.56,5.47,5.47,5.55,-0.08000000000000007,-1.44,260086.83,143453.793
688009.SH,2026-02-24,5.51,5.72,5.5,5.69,5.47,0.22000000000000064,4.02,644605.21,363561.212
688009.SH,2026-02-25,5.7,5.77,5.69,5.75,5.69,0.05999999999999961,1.05,500315.68,287210.474
688009.SH,2026-02-26,5.71,5.79,5.68,5.74,5.75,-0.009999999999999787,-0.17,333795.75,191190.002
688009.SH,2026-02-27,5.74,5.78,5.69,5.72,5.74,-0.020000000000000462,-0.35,253357.49,145062.376
688009.SH,2026-03-02,5.67,5.97,5.65,5.92,5.72,0.20000000000000018,3.5,866332.14,509944.781
688009.SH,2026-03-03,5.91,5.92,5.79,5.81,5.92,-0.11000000000000032,-1.86,593595.3,346794.114
688009.SH,2026-03-04,5.76,5.79,5.64,5.71,5.81,-0.09999999999999964,-1.72,592465.95,338286.332
688009.SH,2026-03-05,5.75,5.95,5.73,5.84,5.71,0.1299999999999999,2.28,538403.78,315199.371
688009.SH,2026-03-06,5.81,5.93,5.79,5.89,5.84,0.04999999999999982,0.86,436832.79,256997.507
